[debug] [2026-06-13T15:01:24.268Z] ----------------------------------------------------------------------
[debug] [2026-06-13T15:01:24.272Z] Command:       /opt/homebrew/Cellar/node/25.2.1/bin/node /opt/homebrew/bin/firebase deploy --only functions
[debug] [2026-06-13T15:01:24.272Z] CLI Version:   15.5.1
[debug] [2026-06-13T15:01:24.272Z] Platform:      darwin
[debug] [2026-06-13T15:01:24.272Z] Node Version:  v25.2.1
[debug] [2026-06-13T15:01:24.272Z] Time:          Sat Jun 13 2026 08:01:24 GMT-0700 (Pacific Daylight Time)
[debug] [2026-06-13T15:01:24.272Z] ----------------------------------------------------------------------
[debug] 
[debug] [2026-06-13T15:01:24.839Z] > command requires scopes: ["email","openid","https://www.googleapis.com/auth/cloudplatformprojects.readonly","https://www.googleapis.com/auth/firebase","https://www.googleapis.com/auth/cloud-platform"]
[debug] [2026-06-13T15:01:24.839Z] > authorizing via signed-in user (bretc213@gmail.com)
[debug] [2026-06-13T15:01:24.840Z] [iam] checking project best-man-challenge for permissions ["cloudfunctions.functions.create","cloudfunctions.functions.delete","cloudfunctions.functions.get","cloudfunctions.functions.list","cloudfunctions.functions.update","cloudfunctions.operations.get","firebase.projects.get"]
[debug] [2026-06-13T15:01:24.840Z] Checked if tokens are valid: true, expires at: 1781365693286
[debug] [2026-06-13T15:01:24.840Z] Checked if tokens are valid: true, expires at: 1781365693286
[debug] [2026-06-13T15:01:24.840Z] >>> [apiv2][query] POST https://cloudresourcemanager.googleapis.com/v1/projects/best-man-challenge:testIamPermissions [none]
[debug] [2026-06-13T15:01:24.840Z] >>> [apiv2][(partial)header] POST https://cloudresourcemanager.googleapis.com/v1/projects/best-man-challenge:testIamPermissions  x-goog-user-project=best-man-challenge
[debug] [2026-06-13T15:01:24.840Z] >>> [apiv2][body] POST https://cloudresourcemanager.googleapis.com/v1/projects/best-man-challenge:testIamPermissions {"permissions":["cloudfunctions.functions.create","cloudfunctions.functions.delete","cloudfunctions.functions.get","cloudfunctions.functions.list","cloudfunctions.functions.update","cloudfunctions.operations.get","firebase.projects.get"]}
[debug] [2026-06-13T15:01:25.095Z] <<< [apiv2][status] POST https://cloudresourcemanager.googleapis.com/v1/projects/best-man-challenge:testIamPermissions 200
[debug] [2026-06-13T15:01:25.096Z] <<< [apiv2][body] POST https://cloudresourcemanager.googleapis.com/v1/projects/best-man-challenge:testIamPermissions {"permissions":["cloudfunctions.functions.create","cloudfunctions.functions.delete","cloudfunctions.functions.get","cloudfunctions.functions.list","cloudfunctions.functions.update","cloudfunctions.operations.get","firebase.projects.get"]}
[debug] [2026-06-13T15:01:25.096Z] Checked if tokens are valid: true, expires at: 1781365693286
[debug] [2026-06-13T15:01:25.096Z] Checked if tokens are valid: true, expires at: 1781365693286
[debug] [2026-06-13T15:01:25.096Z] >>> [apiv2][query] POST https://iam.googleapis.com/v1/projects/best-man-challenge/serviceAccounts/best-man-challenge@appspot.gserviceaccount.com:testIamPermissions [none]
[debug] [2026-06-13T15:01:25.096Z] >>> [apiv2][body] POST https://iam.googleapis.com/v1/projects/best-man-challenge/serviceAccounts/best-man-challenge@appspot.gserviceaccount.com:testIamPermissions {"permissions":["iam.serviceAccounts.actAs"]}
[debug] [2026-06-13T15:01:25.418Z] <<< [apiv2][status] POST https://iam.googleapis.com/v1/projects/best-man-challenge/serviceAccounts/best-man-challenge@appspot.gserviceaccount.com:testIamPermissions 200
[debug] [2026-06-13T15:01:25.418Z] <<< [apiv2][body] POST https://iam.googleapis.com/v1/projects/best-man-challenge/serviceAccounts/best-man-challenge@appspot.gserviceaccount.com:testIamPermissions {"permissions":["iam.serviceAccounts.actAs"]}
[info] 
[info] === Deploying to 'best-man-challenge'...
[info] 
[info] i  deploying functions 
[info] Running command: npm --prefix "$RESOURCE_DIR" run build
[info] ✔  functions: Finished running predeploy script. 
[debug] [2026-06-13T15:01:27.697Z] Checked if tokens are valid: true, expires at: 1781365693286
[debug] [2026-06-13T15:01:27.697Z] Checked if tokens are valid: true, expires at: 1781365693286
[debug] [2026-06-13T15:01:27.697Z] >>> [apiv2][query] GET https://cloudresourcemanager.googleapis.com/v1/projects/best-man-challenge [none]
[debug] [2026-06-13T15:01:27.809Z] <<< [apiv2][status] GET https://cloudresourcemanager.googleapis.com/v1/projects/best-man-challenge 200
[debug] [2026-06-13T15:01:27.809Z] <<< [apiv2][body] GET https://cloudresourcemanager.googleapis.com/v1/projects/best-man-challenge {"projectNumber":"135750495924","projectId":"best-man-challenge","lifecycleState":"ACTIVE","name":"Best Man Challenge","labels":{"firebase":"enabled","firebase-core":"disabled"},"createTime":"2025-05-23T23:22:24.269714Z"}
[info] i  functions: preparing codebase default for deployment 
[info] i  functions: ensuring required API cloudfunctions.googleapis.com is enabled... 
[info] i  functions: ensuring required API cloudbuild.googleapis.com is enabled... 
[debug] [2026-06-13T15:01:27.810Z] Checked if tokens are valid: true, expires at: 1781365693286
[debug] [2026-06-13T15:01:27.810Z] Checked if tokens are valid: true, expires at: 1781365693286
[info] i  artifactregistry: ensuring required API artifactregistry.googleapis.com is enabled... 
[debug] [2026-06-13T15:01:27.810Z] Checked if tokens are valid: true, expires at: 1781365693286
[debug] [2026-06-13T15:01:27.810Z] Checked if tokens are valid: true, expires at: 1781365693286
[debug] [2026-06-13T15:01:27.810Z] >>> [apiv2][query] GET https://serviceusage.googleapis.com/v1/projects/best-man-challenge/services/cloudbuild.googleapis.com [none]
[debug] [2026-06-13T15:01:27.810Z] >>> [apiv2][(partial)header] GET https://serviceusage.googleapis.com/v1/projects/best-man-challenge/services/cloudbuild.googleapis.com  x-goog-user-project=best-man-challenge
[debug] [2026-06-13T15:01:27.811Z] >>> [apiv2][query] GET https://serviceusage.googleapis.com/v1/projects/best-man-challenge/services/artifactregistry.googleapis.com [none]
[debug] [2026-06-13T15:01:27.811Z] >>> [apiv2][(partial)header] GET https://serviceusage.googleapis.com/v1/projects/best-man-challenge/services/artifactregistry.googleapis.com  x-goog-user-project=best-man-challenge
[debug] [2026-06-13T15:01:28.382Z] <<< [apiv2][status] GET https://serviceusage.googleapis.com/v1/projects/best-man-challenge/services/cloudbuild.googleapis.com 200
[debug] [2026-06-13T15:01:28.382Z] <<< [apiv2][body] GET https://serviceusage.googleapis.com/v1/projects/best-man-challenge/services/cloudbuild.googleapis.com [omitted]
[warn] ⚠  functions: missing required API cloudbuild.googleapis.com. Enabling now... 
[debug] [2026-06-13T15:01:28.382Z] Checked if tokens are valid: true, expires at: 1781365693286
[debug] [2026-06-13T15:01:28.382Z] Checked if tokens are valid: true, expires at: 1781365693286
[debug] [2026-06-13T15:01:28.382Z] >>> [apiv2][query] POST https://serviceusage.googleapis.com/v1/projects/best-man-challenge/services/cloudbuild.googleapis.com:enable [none]
[debug] [2026-06-13T15:01:28.383Z] >>> [apiv2][(partial)header] POST https://serviceusage.googleapis.com/v1/projects/best-man-challenge/services/cloudbuild.googleapis.com:enable  x-goog-user-project=best-man-challenge
[debug] [2026-06-13T15:01:28.384Z] <<< [apiv2][status] GET https://serviceusage.googleapis.com/v1/projects/best-man-challenge/services/artifactregistry.googleapis.com 200
[debug] [2026-06-13T15:01:28.384Z] <<< [apiv2][body] GET https://serviceusage.googleapis.com/v1/projects/best-man-challenge/services/artifactregistry.googleapis.com [omitted]
[warn] ⚠  artifactregistry: missing required API artifactregistry.googleapis.com. Enabling now... 
[debug] [2026-06-13T15:01:28.384Z] Checked if tokens are valid: true, expires at: 1781365693286
[debug] [2026-06-13T15:01:28.384Z] Checked if tokens are valid: true, expires at: 1781365693286
[debug] [2026-06-13T15:01:28.384Z] >>> [apiv2][query] POST https://serviceusage.googleapis.com/v1/projects/best-man-challenge/services/artifactregistry.googleapis.com:enable [none]
[debug] [2026-06-13T15:01:28.385Z] >>> [apiv2][(partial)header] POST https://serviceusage.googleapis.com/v1/projects/best-man-challenge/services/artifactregistry.googleapis.com:enable  x-goog-user-project=best-man-challenge
[debug] [2026-06-13T15:01:28.708Z] <<< [apiv2][status] POST https://serviceusage.googleapis.com/v1/projects/best-man-challenge/services/artifactregistry.googleapis.com:enable 200
[debug] [2026-06-13T15:01:28.708Z] <<< [apiv2][body] POST https://serviceusage.googleapis.com/v1/projects/best-man-challenge/services/artifactregistry.googleapis.com:enable [omitted]
[debug] [2026-06-13T15:01:28.975Z] <<< [apiv2][status] POST https://serviceusage.googleapis.com/v1/projects/best-man-challenge/services/cloudbuild.googleapis.com:enable 200
[debug] [2026-06-13T15:01:28.976Z] <<< [apiv2][body] POST https://serviceusage.googleapis.com/v1/projects/best-man-challenge/services/cloudbuild.googleapis.com:enable [omitted]
[debug] [2026-06-13T15:01:38.986Z] Checked if tokens are valid: true, expires at: 1781365693286
[debug] [2026-06-13T15:01:38.987Z] Checked if tokens are valid: true, expires at: 1781365693286
[debug] [2026-06-13T15:01:38.987Z] >>> [apiv2][query] GET https://firebase.googleapis.com/v1beta1/projects/best-man-challenge/adminSdkConfig [none]
[debug] [2026-06-13T15:01:39.210Z] <<< [apiv2][status] GET https://firebase.googleapis.com/v1beta1/projects/best-man-challenge/adminSdkConfig 200
[debug] [2026-06-13T15:01:39.210Z] <<< [apiv2][body] GET https://firebase.googleapis.com/v1beta1/projects/best-man-challenge/adminSdkConfig {"projectId":"best-man-challenge","storageBucket":"best-man-challenge.firebasestorage.app"}
[debug] [2026-06-13T15:01:39.211Z] Checked if tokens are valid: true, expires at: 1781365693286
[debug] [2026-06-13T15:01:39.211Z] Checked if tokens are valid: true, expires at: 1781365693286
[debug] [2026-06-13T15:01:39.211Z] >>> [apiv2][query] GET https://runtimeconfig.googleapis.com/v1beta1/projects/best-man-challenge/configs [none]
[debug] [2026-06-13T15:01:39.483Z] <<< [apiv2][status] GET https://runtimeconfig.googleapis.com/v1beta1/projects/best-man-challenge/configs 200
[debug] [2026-06-13T15:01:39.483Z] <<< [apiv2][body] GET https://runtimeconfig.googleapis.com/v1beta1/projects/best-man-challenge/configs {}
[debug] [2026-06-13T15:01:39.485Z] Validating nodejs source
[debug] [2026-06-13T15:01:39.886Z] > [functions] package.json contents: {
  "name": "functions",
  "scripts": {
    "lint": "eslint --ext .js,.ts .",
    "build": "tsc",
    "build:watch": "tsc --watch",
    "serve": "npm run build && firebase emulators:start --only functions",
    "shell": "npm run build && firebase functions:shell",
    "start": "npm run shell",
    "deploy": "firebase deploy --only functions",
    "logs": "firebase functions:log"
  },
  "engines": {
    "node": "24"
  },
  "main": "lib/index.js",
  "dependencies": {
    "firebase-admin": "^13.6.0",
    "firebase-functions": "^7.0.0"
  },
  "devDependencies": {
    "@typescript-eslint/eslint-plugin": "^5.12.0",
    "@typescript-eslint/parser": "^5.12.0",
    "eslint": "^8.9.0",
    "eslint-config-google": "^0.14.0",
    "eslint-plugin-import": "^2.25.4",
    "firebase-functions-test": "^3.4.1",
    "typescript": "^5.7.3"
  },
  "private": true
}
[debug] [2026-06-13T15:01:39.886Z] Building nodejs source
[info] i  functions: Loading and analyzing source code for codebase default to determine what to deploy 
[debug] [2026-06-13T15:01:39.886Z] Could not find functions.yaml. Must use http discovery
[debug] [2026-06-13T15:01:39.891Z] Found firebase-functions binary at '/Users/bclem213/Desktop/Health and Wellness/Life/Wedding/Best Man Challenge/Best Man Challenge/functions/node_modules/.bin/firebase-functions'
[info] Serving at port 8420

[debug] [2026-06-13T15:01:41.286Z] Got response from /__/functions.yaml {"endpoints":{"syncWeeklyChallengeActive":{"availableMemoryMb":null,"timeoutSeconds":null,"minInstances":null,"maxInstances":null,"ingressSettings":null,"concurrency":null,"serviceAccountEmail":null,"vpc":null,"platform":"gcfv2","labels":{},"scheduleTrigger":{"schedule":"every 1 hours","retryConfig":{},"timeZone":"America/Chicago"},"entryPoint":"syncWeeklyChallengeActive"}},"specVersion":"v1alpha1","requiredAPIs":[{"api":"cloudscheduler.googleapis.com","reason":"Needed for scheduled functions."}],"extensions":{}}
[info] i  extensions: ensuring required API firebaseextensions.googleapis.com is enabled... 
[debug] [2026-06-13T15:01:45.306Z] Checked if tokens are valid: true, expires at: 1781365693286
[debug] [2026-06-13T15:01:45.306Z] Checked if tokens are valid: true, expires at: 1781365693286
[debug] [2026-06-13T15:01:45.306Z] >>> [apiv2][query] GET https://serviceusage.googleapis.com/v1/projects/best-man-challenge/services/firebaseextensions.googleapis.com [none]
[debug] [2026-06-13T15:01:45.306Z] >>> [apiv2][(partial)header] GET https://serviceusage.googleapis.com/v1/projects/best-man-challenge/services/firebaseextensions.googleapis.com  x-goog-user-project=best-man-challenge
[debug] [2026-06-13T15:01:45.870Z] <<< [apiv2][status] GET https://serviceusage.googleapis.com/v1/projects/best-man-challenge/services/firebaseextensions.googleapis.com 200
[debug] [2026-06-13T15:01:45.870Z] <<< [apiv2][body] GET https://serviceusage.googleapis.com/v1/projects/best-man-challenge/services/firebaseextensions.googleapis.com [omitted]
[warn] ⚠  extensions: missing required API firebaseextensions.googleapis.com. Enabling now... 
[debug] [2026-06-13T15:01:45.870Z] Checked if tokens are valid: true, expires at: 1781365693286
[debug] [2026-06-13T15:01:45.870Z] Checked if tokens are valid: true, expires at: 1781365693286
[debug] [2026-06-13T15:01:45.870Z] >>> [apiv2][query] POST https://serviceusage.googleapis.com/v1/projects/best-man-challenge/services/firebaseextensions.googleapis.com:enable [none]
[debug] [2026-06-13T15:01:45.870Z] >>> [apiv2][(partial)header] POST https://serviceusage.googleapis.com/v1/projects/best-man-challenge/services/firebaseextensions.googleapis.com:enable  x-goog-user-project=best-man-challenge
[debug] [2026-06-13T15:01:46.532Z] <<< [apiv2][status] POST https://serviceusage.googleapis.com/v1/projects/best-man-challenge/services/firebaseextensions.googleapis.com:enable 200
[debug] [2026-06-13T15:01:46.532Z] <<< [apiv2][body] POST https://serviceusage.googleapis.com/v1/projects/best-man-challenge/services/firebaseextensions.googleapis.com:enable [omitted]
[debug] [2026-06-13T15:01:56.545Z] > command requires scopes: ["email","openid","https://www.googleapis.com/auth/cloudplatformprojects.readonly","https://www.googleapis.com/auth/firebase","https://www.googleapis.com/auth/cloud-platform"]
[debug] [2026-06-13T15:01:56.546Z] > authorizing via signed-in user (bretc213@gmail.com)
[debug] [2026-06-13T15:01:56.546Z] [iam] checking project best-man-challenge for permissions ["firebase.projects.get","firebaseextensions.instances.list"]
[debug] [2026-06-13T15:01:56.546Z] Checked if tokens are valid: true, expires at: 1781365693286
[debug] [2026-06-13T15:01:56.546Z] Checked if tokens are valid: true, expires at: 1781365693286
[debug] [2026-06-13T15:01:56.546Z] >>> [apiv2][query] POST https://cloudresourcemanager.googleapis.com/v1/projects/best-man-challenge:testIamPermissions [none]
[debug] [2026-06-13T15:01:56.546Z] >>> [apiv2][(partial)header] POST https://cloudresourcemanager.googleapis.com/v1/projects/best-man-challenge:testIamPermissions  x-goog-user-project=best-man-challenge
[debug] [2026-06-13T15:01:56.546Z] >>> [apiv2][body] POST https://cloudresourcemanager.googleapis.com/v1/projects/best-man-challenge:testIamPermissions {"permissions":["firebase.projects.get","firebaseextensions.instances.list"]}
[debug] [2026-06-13T15:01:56.789Z] <<< [apiv2][status] POST https://cloudresourcemanager.googleapis.com/v1/projects/best-man-challenge:testIamPermissions 200
[debug] [2026-06-13T15:01:56.789Z] <<< [apiv2][body] POST https://cloudresourcemanager.googleapis.com/v1/projects/best-man-challenge:testIamPermissions {"permissions":["firebase.projects.get","firebaseextensions.instances.list"]}
[debug] [2026-06-13T15:01:56.790Z] Checked if tokens are valid: true, expires at: 1781365693286
[debug] [2026-06-13T15:01:56.790Z] Checked if tokens are valid: true, expires at: 1781365693286
[debug] [2026-06-13T15:01:56.791Z] >>> [apiv2][query] GET https://firebaseextensions.googleapis.com/v1beta/projects/best-man-challenge/instances pageSize=100&pageToken=
[debug] [2026-06-13T15:01:59.994Z] <<< [apiv2][status] GET https://firebaseextensions.googleapis.com/v1beta/projects/best-man-challenge/instances 200
[debug] [2026-06-13T15:01:59.994Z] <<< [apiv2][body] GET https://firebaseextensions.googleapis.com/v1beta/projects/best-man-challenge/instances {}
[info] i  functions: preparing functions directory for uploading... 
[info] i  functions: packaged /Users/bclem213/Desktop/Health and Wellness/Life/Wedding/Best Man Challenge/Best Man Challenge/functions (101.93 KB) for uploading 
[debug] [2026-06-13T15:02:00.026Z] Checked if tokens are valid: true, expires at: 1781365693286
[debug] [2026-06-13T15:02:00.026Z] Checked if tokens are valid: true, expires at: 1781365693286
[debug] [2026-06-13T15:02:00.026Z] >>> [apiv2][query] GET https://cloudfunctions.googleapis.com/v1/projects/best-man-challenge/locations/-/functions [none]
[debug] [2026-06-13T15:02:00.708Z] <<< [apiv2][status] GET https://cloudfunctions.googleapis.com/v1/projects/best-man-challenge/locations/-/functions 200
[debug] [2026-06-13T15:02:00.708Z] <<< [apiv2][body] GET https://cloudfunctions.googleapis.com/v1/projects/best-man-challenge/locations/-/functions {}
[debug] [2026-06-13T15:02:00.709Z] Checked if tokens are valid: true, expires at: 1781365693286
[debug] [2026-06-13T15:02:00.709Z] Checked if tokens are valid: true, expires at: 1781365693286
[debug] [2026-06-13T15:02:00.709Z] >>> [apiv2][query] GET https://cloudfunctions.googleapis.com/v2/projects/best-man-challenge/locations/-/functions filter=environment%3D%22GEN_2%22
[debug] [2026-06-13T15:02:01.290Z] <<< [apiv2][status] GET https://cloudfunctions.googleapis.com/v2/projects/best-man-challenge/locations/-/functions 200
[debug] [2026-06-13T15:02:01.291Z] <<< [apiv2][body] GET https://cloudfunctions.googleapis.com/v2/projects/best-man-challenge/locations/-/functions {}
[info] i  functions: ensuring required API cloudscheduler.googleapis.com is enabled... 
[debug] [2026-06-13T15:02:01.294Z] Checked if tokens are valid: true, expires at: 1781365693286
[debug] [2026-06-13T15:02:01.294Z] Checked if tokens are valid: true, expires at: 1781365693286
[debug] [2026-06-13T15:02:01.294Z] >>> [apiv2][query] GET https://serviceusage.googleapis.com/v1/projects/135750495924/services/cloudscheduler.googleapis.com [none]
[debug] [2026-06-13T15:02:01.294Z] >>> [apiv2][(partial)header] GET https://serviceusage.googleapis.com/v1/projects/135750495924/services/cloudscheduler.googleapis.com  x-goog-user-project=135750495924
[debug] [2026-06-13T15:02:01.734Z] <<< [apiv2][status] GET https://serviceusage.googleapis.com/v1/projects/135750495924/services/cloudscheduler.googleapis.com 200
[debug] [2026-06-13T15:02:01.734Z] <<< [apiv2][body] GET https://serviceusage.googleapis.com/v1/projects/135750495924/services/cloudscheduler.googleapis.com [omitted]
[warn] ⚠  functions: missing required API cloudscheduler.googleapis.com. Enabling now... 
[debug] [2026-06-13T15:02:01.735Z] Checked if tokens are valid: true, expires at: 1781365693286
[debug] [2026-06-13T15:02:01.735Z] Checked if tokens are valid: true, expires at: 1781365693286
[debug] [2026-06-13T15:02:01.735Z] >>> [apiv2][query] POST https://serviceusage.googleapis.com/v1/projects/135750495924/services/cloudscheduler.googleapis.com:enable [none]
[debug] [2026-06-13T15:02:01.735Z] >>> [apiv2][(partial)header] POST https://serviceusage.googleapis.com/v1/projects/135750495924/services/cloudscheduler.googleapis.com:enable  x-goog-user-project=135750495924
[debug] [2026-06-13T15:02:02.330Z] <<< [apiv2][status] POST https://serviceusage.googleapis.com/v1/projects/135750495924/services/cloudscheduler.googleapis.com:enable 200
[debug] [2026-06-13T15:02:02.330Z] <<< [apiv2][body] POST https://serviceusage.googleapis.com/v1/projects/135750495924/services/cloudscheduler.googleapis.com:enable [omitted]
[info] i  functions: ensuring required API run.googleapis.com is enabled... 
[debug] [2026-06-13T15:02:12.341Z] Checked if tokens are valid: true, expires at: 1781365693286
[debug] [2026-06-13T15:02:12.341Z] Checked if tokens are valid: true, expires at: 1781365693286
[info] i  functions: ensuring required API eventarc.googleapis.com is enabled... 
[debug] [2026-06-13T15:02:12.342Z] Checked if tokens are valid: true, expires at: 1781365693286
[debug] [2026-06-13T15:02:12.342Z] Checked if tokens are valid: true, expires at: 1781365693286
[info] i  functions: ensuring required API pubsub.googleapis.com is enabled... 
[debug] [2026-06-13T15:02:12.342Z] Checked if tokens are valid: true, expires at: 1781365693286
[debug] [2026-06-13T15:02:12.342Z] Checked if tokens are valid: true, expires at: 1781365693286
[info] i  functions: ensuring required API storage.googleapis.com is enabled... 
[debug] [2026-06-13T15:02:12.342Z] Checked if tokens are valid: true, expires at: 1781365693286
[debug] [2026-06-13T15:02:12.342Z] Checked if tokens are valid: true, expires at: 1781365693286
[debug] [2026-06-13T15:02:12.342Z] >>> [apiv2][query] GET https://serviceusage.googleapis.com/v1/projects/135750495924/services/run.googleapis.com [none]
[debug] [2026-06-13T15:02:12.342Z] >>> [apiv2][(partial)header] GET https://serviceusage.googleapis.com/v1/projects/135750495924/services/run.googleapis.com  x-goog-user-project=135750495924
[debug] [2026-06-13T15:02:12.343Z] >>> [apiv2][query] GET https://serviceusage.googleapis.com/v1/projects/135750495924/services/eventarc.googleapis.com [none]
[debug] [2026-06-13T15:02:12.343Z] >>> [apiv2][(partial)header] GET https://serviceusage.googleapis.com/v1/projects/135750495924/services/eventarc.googleapis.com  x-goog-user-project=135750495924
[debug] [2026-06-13T15:02:12.344Z] >>> [apiv2][query] GET https://serviceusage.googleapis.com/v1/projects/135750495924/services/pubsub.googleapis.com [none]
[debug] [2026-06-13T15:02:12.344Z] >>> [apiv2][(partial)header] GET https://serviceusage.googleapis.com/v1/projects/135750495924/services/pubsub.googleapis.com  x-goog-user-project=135750495924
[debug] [2026-06-13T15:02:12.345Z] >>> [apiv2][query] GET https://serviceusage.googleapis.com/v1/projects/135750495924/services/storage.googleapis.com [none]
[debug] [2026-06-13T15:02:12.345Z] >>> [apiv2][(partial)header] GET https://serviceusage.googleapis.com/v1/projects/135750495924/services/storage.googleapis.com  x-goog-user-project=135750495924
[debug] [2026-06-13T15:02:12.750Z] <<< [apiv2][status] GET https://serviceusage.googleapis.com/v1/projects/135750495924/services/pubsub.googleapis.com 200
[debug] [2026-06-13T15:02:12.750Z] <<< [apiv2][body] GET https://serviceusage.googleapis.com/v1/projects/135750495924/services/pubsub.googleapis.com [omitted]
[info] ✔  functions: required API pubsub.googleapis.com is enabled 
[debug] [2026-06-13T15:02:12.770Z] <<< [apiv2][status] GET https://serviceusage.googleapis.com/v1/projects/135750495924/services/run.googleapis.com 200
[debug] [2026-06-13T15:02:12.770Z] <<< [apiv2][body] GET https://serviceusage.googleapis.com/v1/projects/135750495924/services/run.googleapis.com [omitted]
[warn] ⚠  functions: missing required API run.googleapis.com. Enabling now... 
[debug] [2026-06-13T15:02:12.770Z] Checked if tokens are valid: true, expires at: 1781365693286
[debug] [2026-06-13T15:02:12.770Z] Checked if tokens are valid: true, expires at: 1781365693286
[debug] [2026-06-13T15:02:12.770Z] >>> [apiv2][query] POST https://serviceusage.googleapis.com/v1/projects/135750495924/services/run.googleapis.com:enable [none]
[debug] [2026-06-13T15:02:12.770Z] >>> [apiv2][(partial)header] POST https://serviceusage.googleapis.com/v1/projects/135750495924/services/run.googleapis.com:enable  x-goog-user-project=135750495924
[debug] [2026-06-13T15:02:12.771Z] <<< [apiv2][status] GET https://serviceusage.googleapis.com/v1/projects/135750495924/services/storage.googleapis.com 200
[debug] [2026-06-13T15:02:12.772Z] <<< [apiv2][body] GET https://serviceusage.googleapis.com/v1/projects/135750495924/services/storage.googleapis.com [omitted]
[info] ✔  functions: required API storage.googleapis.com is enabled 
[debug] [2026-06-13T15:02:12.840Z] <<< [apiv2][status] GET https://serviceusage.googleapis.com/v1/projects/135750495924/services/eventarc.googleapis.com 200
[debug] [2026-06-13T15:02:12.841Z] <<< [apiv2][body] GET https://serviceusage.googleapis.com/v1/projects/135750495924/services/eventarc.googleapis.com [omitted]
[warn] ⚠  functions: missing required API eventarc.googleapis.com. Enabling now... 
[debug] [2026-06-13T15:02:12.841Z] Checked if tokens are valid: true, expires at: 1781365693286
[debug] [2026-06-13T15:02:12.841Z] Checked if tokens are valid: true, expires at: 1781365693286
[debug] [2026-06-13T15:02:12.841Z] >>> [apiv2][query] POST https://serviceusage.googleapis.com/v1/projects/135750495924/services/eventarc.googleapis.com:enable [none]
[debug] [2026-06-13T15:02:12.841Z] >>> [apiv2][(partial)header] POST https://serviceusage.googleapis.com/v1/projects/135750495924/services/eventarc.googleapis.com:enable  x-goog-user-project=135750495924
[debug] [2026-06-13T15:02:13.097Z] <<< [apiv2][status] POST https://serviceusage.googleapis.com/v1/projects/135750495924/services/eventarc.googleapis.com:enable 200
[debug] [2026-06-13T15:02:13.098Z] <<< [apiv2][body] POST https://serviceusage.googleapis.com/v1/projects/135750495924/services/eventarc.googleapis.com:enable [omitted]
[debug] [2026-06-13T15:02:13.140Z] <<< [apiv2][status] POST https://serviceusage.googleapis.com/v1/projects/135750495924/services/run.googleapis.com:enable 200
[debug] [2026-06-13T15:02:13.140Z] <<< [apiv2][body] POST https://serviceusage.googleapis.com/v1/projects/135750495924/services/run.googleapis.com:enable [omitted]
[info] i  functions: generating the service identity for pubsub.googleapis.com... 
[debug] [2026-06-13T15:02:23.154Z] Checked if tokens are valid: true, expires at: 1781365693286
[debug] [2026-06-13T15:02:23.154Z] Checked if tokens are valid: true, expires at: 1781365693286
[info] i  functions: generating the service identity for eventarc.googleapis.com... 
[debug] [2026-06-13T15:02:23.154Z] Checked if tokens are valid: true, expires at: 1781365693286
[debug] [2026-06-13T15:02:23.154Z] Checked if tokens are valid: true, expires at: 1781365693286
[debug] [2026-06-13T15:02:23.154Z] >>> [apiv2][query] POST https://serviceusage.googleapis.com/v1beta1/projects/135750495924/services/pubsub.googleapis.com:generateServiceIdentity [none]
[debug] [2026-06-13T15:02:23.154Z] >>> [apiv2][(partial)header] POST https://serviceusage.googleapis.com/v1beta1/projects/135750495924/services/pubsub.googleapis.com:generateServiceIdentity  x-goog-user-project=135750495924
[debug] [2026-06-13T15:02:23.154Z] >>> [apiv2][body] POST https://serviceusage.googleapis.com/v1beta1/projects/135750495924/services/pubsub.googleapis.com:generateServiceIdentity {}
[debug] [2026-06-13T15:02:23.156Z] >>> [apiv2][query] POST https://serviceusage.googleapis.com/v1beta1/projects/135750495924/services/eventarc.googleapis.com:generateServiceIdentity [none]
[debug] [2026-06-13T15:02:23.156Z] >>> [apiv2][(partial)header] POST https://serviceusage.googleapis.com/v1beta1/projects/135750495924/services/eventarc.googleapis.com:generateServiceIdentity  x-goog-user-project=135750495924
[debug] [2026-06-13T15:02:23.156Z] >>> [apiv2][body] POST https://serviceusage.googleapis.com/v1beta1/projects/135750495924/services/eventarc.googleapis.com:generateServiceIdentity {}
[debug] [2026-06-13T15:02:24.057Z] <<< [apiv2][status] POST https://serviceusage.googleapis.com/v1beta1/projects/135750495924/services/pubsub.googleapis.com:generateServiceIdentity 200
[debug] [2026-06-13T15:02:24.057Z] <<< [apiv2][body] POST https://serviceusage.googleapis.com/v1beta1/projects/135750495924/services/pubsub.googleapis.com:generateServiceIdentity {"name":"operations/finished.DONE_OPERATION","done":true,"response":{"@type":"type.googleapis.com/google.api.serviceusage.v1beta1.ServiceIdentity","email":"service-135750495924@gcp-sa-pubsub.iam.gserviceaccount.com","uniqueId":"109911672735986576751"}}
[debug] [2026-06-13T15:02:24.280Z] <<< [apiv2][status] POST https://serviceusage.googleapis.com/v1beta1/projects/135750495924/services/eventarc.googleapis.com:generateServiceIdentity 200
[debug] [2026-06-13T15:02:24.281Z] <<< [apiv2][body] POST https://serviceusage.googleapis.com/v1beta1/projects/135750495924/services/eventarc.googleapis.com:generateServiceIdentity {"name":"operations/finished.DONE_OPERATION","done":true,"response":{"@type":"type.googleapis.com/google.api.serviceusage.v1beta1.ServiceIdentity","email":"service-135750495924@gcp-sa-eventarc.iam.gserviceaccount.com","uniqueId":"104979216506323776079"}}
[debug] [2026-06-13T15:02:24.283Z] Checked if tokens are valid: true, expires at: 1781365693286
[debug] [2026-06-13T15:02:24.283Z] Checked if tokens are valid: true, expires at: 1781365693286
[debug] [2026-06-13T15:02:24.283Z] >>> [apiv2][query] GET https://cloudresourcemanager.googleapis.com/v1/projects/best-man-challenge [none]
[debug] [2026-06-13T15:02:24.419Z] <<< [apiv2][status] GET https://cloudresourcemanager.googleapis.com/v1/projects/best-man-challenge 200
[debug] [2026-06-13T15:02:24.419Z] <<< [apiv2][body] GET https://cloudresourcemanager.googleapis.com/v1/projects/best-man-challenge {"projectNumber":"135750495924","projectId":"best-man-challenge","lifecycleState":"ACTIVE","name":"Best Man Challenge","labels":{"firebase":"enabled","firebase-core":"disabled"},"createTime":"2025-05-23T23:22:24.269714Z"}
[debug] [2026-06-13T15:02:24.419Z] Checked if tokens are valid: true, expires at: 1781365693286
[debug] [2026-06-13T15:02:24.419Z] Checked if tokens are valid: true, expires at: 1781365693286
[debug] [2026-06-13T15:02:24.420Z] >>> [apiv2][query] GET https://compute.googleapis.com/compute/v1/projects/135750495924 [none]
[debug] [2026-06-13T15:02:24.637Z] <<< [apiv2][status] GET https://compute.googleapis.com/compute/v1/projects/135750495924 403
[debug] [2026-06-13T15:02:24.637Z] <<< [apiv2][body] GET https://compute.googleapis.com/compute/v1/projects/135750495924 {"error":{"code":403,"message":"Compute Engine API has not been used in project 135750495924 before or it is disabled. Enable it by visiting https://console.developers.google.com/apis/api/compute.googleapis.com/overview?project=135750495924 then retry. If you enabled this API recently, wait a few minutes for the action to propagate to our systems and retry.","errors":[{"message":"Compute Engine API has not been used in project 135750495924 before or it is disabled. Enable it by visiting https://console.developers.google.com/apis/api/compute.googleapis.com/overview?project=135750495924 then retry. If you enabled this API recently, wait a few minutes for the action to propagate to our systems and retry.","domain":"usageLimits","reason":"accessNotConfigured","extendedHelp":"https://console.developers.google.com"}],"status":"PERMISSION_DENIED","details":[{"@type":"type.googleapis.com/google.rpc.ErrorInfo","reason":"SERVICE_DISABLED","domain":"googleapis.com","metadata":{"containerInfo":"135750495924","activationUrl":"https://console.developers.google.com/apis/api/compute.googleapis.com/overview?project=135750495924","serviceTitle":"Compute Engine API","service":"compute.googleapis.com","consumer":"projects/135750495924"}},{"@type":"type.googleapis.com/google.rpc.LocalizedMessage","locale":"en-US","message":"Compute Engine API has not been used in project 135750495924 before or it is disabled. Enable it by visiting https://console.developers.google.com/apis/api/compute.googleapis.com/overview?project=135750495924 then retry. If you enabled this API recently, wait a few minutes for the action to propagate to our systems and retry."},{"@type":"type.googleapis.com/google.rpc.Help","links":[{"description":"Google developers console API activation","url":"https://console.developers.google.com/apis/api/compute.googleapis.com/overview?project=135750495924"}]}]}}
[debug] [2026-06-13T15:02:24.638Z] unable to look up default compute service account. Falling back to 135750495924-compute@developer.gserviceaccount.com. Error: {"name":"FirebaseError","children":[],"context":{"body":{"error":{"code":403,"message":"Compute Engine API has not been used in project 135750495924 before or it is disabled. Enable it by visiting https://console.developers.google.com/apis/api/compute.googleapis.com/overview?project=135750495924 then retry. If you enabled this API recently, wait a few minutes for the action to propagate to our systems and retry.","errors":[{"message":"Compute Engine API has not been used in project 135750495924 before or it is disabled. Enable it by visiting https://console.developers.google.com/apis/api/compute.googleapis.com/overview?project=135750495924 then retry. If you enabled this API recently, wait a few minutes for the action to propagate to our systems and retry.","domain":"usageLimits","reason":"accessNotConfigured","extendedHelp":"https://console.developers.google.com"}],"status":"PERMISSION_DENIED","details":[{"@type":"type.googleapis.com/google.rpc.ErrorInfo","reason":"SERVICE_DISABLED","domain":"googleapis.com","metadata":{"containerInfo":"135750495924","activationUrl":"https://console.developers.google.com/apis/api/compute.googleapis.com/overview?project=135750495924","serviceTitle":"Compute Engine API","service":"compute.googleapis.com","consumer":"projects/135750495924"}},{"@type":"type.googleapis.com/google.rpc.LocalizedMessage","locale":"en-US","message":"Compute Engine API has not been used in project 135750495924 before or it is disabled. Enable it by visiting https://console.developers.google.com/apis/api/compute.googleapis.com/overview?project=135750495924 then retry. If you enabled this API recently, wait a few minutes for the action to propagate to our systems and retry."},{"@type":"type.googleapis.com/google.rpc.Help","links":[{"description":"Google developers console API activation","url":"https://console.developers.google.com/apis/api/compute.googleapis.com/overview?project=135750495924"}]}]}},"response":{"statusCode":403}},"exit":1,"message":"Request to https://compute.googleapis.com/compute/v1/projects/135750495924 had HTTP Error: 403, Compute Engine API has not been used in project 135750495924 before or it is disabled. Enable it by visiting https://console.developers.google.com/apis/api/compute.googleapis.com/overview?project=135750495924 then retry. If you enabled this API recently, wait a few minutes for the action to propagate to our systems and retry.","status":403}
[debug] [2026-06-13T15:02:24.639Z] Checked if tokens are valid: true, expires at: 1781365693286
[debug] [2026-06-13T15:02:24.639Z] Checked if tokens are valid: true, expires at: 1781365693286
[debug] [2026-06-13T15:02:24.639Z] >>> [apiv2][query] GET https://cloudbilling.googleapis.com/v1/projects/best-man-challenge/billingInfo [none]
[debug] [2026-06-13T15:02:25.202Z] <<< [apiv2][status] GET https://cloudbilling.googleapis.com/v1/projects/best-man-challenge/billingInfo 200
[debug] [2026-06-13T15:02:25.203Z] <<< [apiv2][body] GET https://cloudbilling.googleapis.com/v1/projects/best-man-challenge/billingInfo {"name":"projects/best-man-challenge/billingInfo","projectId":"best-man-challenge","billingAccountName":"billingAccounts/019CC9-DE5192-1BF39F","billingEnabled":true}
[debug] [2026-06-13T15:02:25.205Z] Checked if tokens are valid: true, expires at: 1781365693286
[debug] [2026-06-13T15:02:25.205Z] Checked if tokens are valid: true, expires at: 1781365693286
[debug] [2026-06-13T15:02:25.205Z] >>> [apiv2][query] POST https://cloudfunctions.googleapis.com/v2/projects/best-man-challenge/locations/us-central1/functions:generateUploadUrl [none]
[debug] [2026-06-13T15:02:26.721Z] <<< [apiv2][status] POST https://cloudfunctions.googleapis.com/v2/projects/best-man-challenge/locations/us-central1/functions:generateUploadUrl 200
[debug] [2026-06-13T15:02:26.721Z] <<< [apiv2][body] POST https://cloudfunctions.googleapis.com/v2/projects/best-man-challenge/locations/us-central1/functions:generateUploadUrl {"uploadUrl":"https://storage.googleapis.com/gcf-v2-uploads-135750495924.us-central1.cloudfunctions.appspot.com/cc6a3658-a66b-44cd-8f28-2294f7047f6b.zip?GoogleAccessId=service-135750495924@gcf-admin-robot.iam.gserviceaccount.com&Expires=1781364746&Signature=SZdpiPBf0V451m9TL%2B%2FH3Gn3eVGRYdH%2BxoJ0%2F8ME557eyhO3BnRoXpCVs9ldDLInt16854eLyWhcAA8%2B5qXds5c7ionufMvnYufEYudVwfQXr%2FSNV9bLxvP%2FzmGkbcswTRor%2B3UxqyKXsA4ANwK3WnFY02lw4hjg6L1Yy2ZVBg7B8O1XvhQL2Fd54ezoMivtalbed1ol6BgqJEW82n97xy7ICE23QWeEI8g7Z6b6WpfPefE2KmiZcRgWVALAg333ObJFjEfovayxUK0YsPvEaeWVauAp4ae99vxDGdOrFyHEgYS3H0X20RBl5PE35gM7j371jI9kDNaOFn2RFdV4XA%3D%3D","storageSource":{"bucket":"gcf-v2-uploads-135750495924.us-central1.cloudfunctions.appspot.com","object":"cc6a3658-a66b-44cd-8f28-2294f7047f6b.zip"}}
[debug] [2026-06-13T15:02:26.723Z] >>> [apiv2][query] PUT https://storage.googleapis.com/gcf-v2-uploads-135750495924.us-central1.cloudfunctions.appspot.com/cc6a3658-a66b-44cd-8f28-2294f7047f6b.zip GoogleAccessId=service-135750495924%40gcf-admin-robot.iam.gserviceaccount.com&Expires=1781364746&Signature=SZdpiPBf0V451m9TL%2B%2FH3Gn3eVGRYdH%2BxoJ0%2F8ME557eyhO3BnRoXpCVs9ldDLInt16854eLyWhcAA8%2B5qXds5c7ionufMvnYufEYudVwfQXr%2FSNV9bLxvP%2FzmGkbcswTRor%2B3UxqyKXsA4ANwK3WnFY02lw4hjg6L1Yy2ZVBg7B8O1XvhQL2Fd54ezoMivtalbed1ol6BgqJEW82n97xy7ICE23QWeEI8g7Z6b6WpfPefE2KmiZcRgWVALAg333ObJFjEfovayxUK0YsPvEaeWVauAp4ae99vxDGdOrFyHEgYS3H0X20RBl5PE35gM7j371jI9kDNaOFn2RFdV4XA%3D%3D
[debug] [2026-06-13T15:02:26.723Z] >>> [apiv2][body] PUT https://storage.googleapis.com/gcf-v2-uploads-135750495924.us-central1.cloudfunctions.appspot.com/cc6a3658-a66b-44cd-8f28-2294f7047f6b.zip [stream]
[debug] [2026-06-13T15:02:27.067Z] <<< [apiv2][status] PUT https://storage.googleapis.com/gcf-v2-uploads-135750495924.us-central1.cloudfunctions.appspot.com/cc6a3658-a66b-44cd-8f28-2294f7047f6b.zip 200
[debug] [2026-06-13T15:02:27.068Z] <<< [apiv2][body] PUT https://storage.googleapis.com/gcf-v2-uploads-135750495924.us-central1.cloudfunctions.appspot.com/cc6a3658-a66b-44cd-8f28-2294f7047f6b.zip [omitted]
[info] ✔  functions: functions source uploaded successfully 
[info] i  functions: creating Node.js 24 (2nd Gen) function syncWeeklyChallengeActive(us-central1)... 
[debug] [2026-06-13T15:02:27.072Z] Checked if tokens are valid: true, expires at: 1781365693286
[debug] [2026-06-13T15:02:27.072Z] Checked if tokens are valid: true, expires at: 1781365693286
[debug] [2026-06-13T15:02:27.072Z] >>> [apiv2][query] POST https://cloudfunctions.googleapis.com/v2/projects/best-man-challenge/locations/us-central1/functions functionId=syncWeeklyChallengeActive
[debug] [2026-06-13T15:02:27.072Z] >>> [apiv2][body] POST https://cloudfunctions.googleapis.com/v2/projects/best-man-challenge/locations/us-central1/functions {"name":"projects/best-man-challenge/locations/us-central1/functions/syncWeeklyChallengeActive","buildConfig":{"runtime":"nodejs24","entryPoint":"syncWeeklyChallengeActive","source":{"storageSource":{"bucket":"gcf-v2-uploads-135750495924.us-central1.cloudfunctions.appspot.com","object":"cc6a3658-a66b-44cd-8f28-2294f7047f6b.zip"}},"environmentVariables":{"GOOGLE_NODE_RUN_SCRIPTS":""}},"serviceConfig":{"environmentVariables":{"FIREBASE_CONFIG":"{\"projectId\":\"best-man-challenge\",\"storageBucket\":\"best-man-challenge.firebasestorage.app\"}","GCLOUD_PROJECT":"best-man-challenge","EVENTARC_CLOUD_EVENT_SOURCE":"projects/best-man-challenge/locations/us-central1/services/syncWeeklyChallengeActive","FUNCTION_TARGET":"syncWeeklyChallengeActive","LOG_EXECUTION_ID":"true"},"ingressSettings":null,"timeoutSeconds":null,"serviceAccountEmail":null,"availableMemory":"256Mi","minInstanceCount":null,"maxInstanceCount":null,"maxInstanceRequestConcurrency":80,"availableCpu":"1","vpcConnector":null,"vpcConnectorEgressSettings":null},"labels":{"deployment-tool":"cli-firebase","deployment-scheduled":"true","firebase-functions-hash":"f6d0865ebff79a00d0f92415e07cae51acd687e4"}}
[debug] [2026-06-13T15:02:28.578Z] <<< [apiv2][status] POST https://cloudfunctions.googleapis.com/v2/projects/best-man-challenge/locations/us-central1/functions 200
[debug] [2026-06-13T15:02:28.578Z] <<< [apiv2][body] POST https://cloudfunctions.googleapis.com/v2/projects/best-man-challenge/locations/us-central1/functions {"name":"projects/best-man-challenge/locations/us-central1/operations/operation-1781362947376-65423e1b1c67c-b8289972-e02cf7b5","metadata":{"@type":"type.googleapis.com/google.cloud.functions.v2.OperationMetadata","createTime":"2026-06-13T15:02:28.546779088Z","target":"projects/best-man-challenge/locations/us-central1/functions/syncWeeklyChallengeActive","verb":"create","cancelRequested":false,"apiVersion":"v2"},"done":false}
[debug] [2026-06-13T15:02:28.579Z] Checked if tokens are valid: true, expires at: 1781365693286
[debug] [2026-06-13T15:02:28.579Z] Checked if tokens are valid: true, expires at: 1781365693286
[debug] [2026-06-13T15:02:28.580Z] >>> [apiv2][query] GET https://cloudfunctions.googleapis.com/v2/projects/best-man-challenge/locations/us-central1/operations/operation-1781362947376-65423e1b1c67c-b8289972-e02cf7b5 [none]
[debug] [2026-06-13T15:02:28.999Z] <<< [apiv2][status] GET https://cloudfunctions.googleapis.com/v2/projects/best-man-challenge/locations/us-central1/operations/operation-1781362947376-65423e1b1c67c-b8289972-e02cf7b5 200
[debug] [2026-06-13T15:02:28.999Z] <<< [apiv2][body] GET https://cloudfunctions.googleapis.com/v2/projects/best-man-challenge/locations/us-central1/operations/operation-1781362947376-65423e1b1c67c-b8289972-e02cf7b5 {"name":"projects/best-man-challenge/locations/us-central1/operations/operation-1781362947376-65423e1b1c67c-b8289972-e02cf7b5","metadata":{"@type":"type.googleapis.com/google.cloud.functions.v2.OperationMetadata","createTime":"2026-06-13T15:02:28.546779088Z","target":"projects/best-man-challenge/locations/us-central1/functions/syncWeeklyChallengeActive","verb":"create","cancelRequested":false,"apiVersion":"v2"},"done":false}
[debug] [2026-06-13T15:02:29.500Z] [create-default-us-central1-syncWeeklyChallengeActive] Retrying task index 0
[debug] [2026-06-13T15:02:29.500Z] Checked if tokens are valid: true, expires at: 1781365693286
[debug] [2026-06-13T15:02:29.500Z] Checked if tokens are valid: true, expires at: 1781365693286
[debug] [2026-06-13T15:02:29.501Z] >>> [apiv2][query] GET https://cloudfunctions.googleapis.com/v2/projects/best-man-challenge/locations/us-central1/operations/operation-1781362947376-65423e1b1c67c-b8289972-e02cf7b5 [none]
[debug] [2026-06-13T15:02:29.837Z] <<< [apiv2][status] GET https://cloudfunctions.googleapis.com/v2/projects/best-man-challenge/locations/us-central1/operations/operation-1781362947376-65423e1b1c67c-b8289972-e02cf7b5 200
[debug] [2026-06-13T15:02:29.838Z] <<< [apiv2][body] GET https://cloudfunctions.googleapis.com/v2/projects/best-man-challenge/locations/us-central1/operations/operation-1781362947376-65423e1b1c67c-b8289972-e02cf7b5 {"name":"projects/best-man-challenge/locations/us-central1/operations/operation-1781362947376-65423e1b1c67c-b8289972-e02cf7b5","metadata":{"@type":"type.googleapis.com/google.cloud.functions.v2.OperationMetadata","createTime":"2026-06-13T15:02:28.546779088Z","target":"projects/best-man-challenge/locations/us-central1/functions/syncWeeklyChallengeActive","verb":"create","cancelRequested":false,"apiVersion":"v2","requestResource":{"@type":"type.googleapis.com/google.cloud.functions.v2.Function","name":"projects/best-man-challenge/locations/us-central1/functions/syncWeeklyChallengeActive","buildConfig":{"runtime":"nodejs24","entryPoint":"syncWeeklyChallengeActive","source":{"storageSource":{"bucket":"gcf-v2-sources-135750495924-us-central1","object":"syncWeeklyChallengeActive/function-source.zip","generation":"1781362948162028"}},"environmentVariables":{"GOOGLE_NODE_RUN_SCRIPTS":""},"serviceAccount":"projects/best-man-challenge/serviceAccounts/135750495924-compute@developer.gserviceaccount.com","automaticUpdatePolicy":{}},"serviceConfig":{"service":"projects/best-man-challenge/locations/us-central1/services/syncweeklychallengeactive","timeoutSeconds":60,"environmentVariables":{"FIREBASE_CONFIG":"{\"projectId\":\"best-man-challenge\",\"storageBucket\":\"best-man-challenge.firebasestorage.app\"}","GCLOUD_PROJECT":"best-man-challenge","EVENTARC_CLOUD_EVENT_SOURCE":"projects/best-man-challenge/locations/us-central1/services/syncWeeklyChallengeActive","FUNCTION_TARGET":"syncWeeklyChallengeActive","LOG_EXECUTION_ID":"true"},"ingressSettings":"ALLOW_ALL","serviceAccountEmail":"135750495924-compute@developer.gserviceaccount.com","availableMemory":"256Mi","maxInstanceRequestConcurrency":80,"availableCpu":"1"},"labels":{"deployment-tool":"cli-firebase","deployment-scheduled":"true","firebase-functions-hash":"f6d0865ebff79a00d0f92415e07cae51acd687e4"},"environment":"GEN_2"},"stages":[{"name":"BUILD","state":"NOT_STARTED"},{"name":"SERVICE","state":"NOT_STARTED"}],"operationType":"CREATE_FUNCTION"},"done":false}
[debug] [2026-06-13T15:02:30.839Z] [create-default-us-central1-syncWeeklyChallengeActive] Retrying task index 0
[debug] [2026-06-13T15:02:30.840Z] Checked if tokens are valid: true, expires at: 1781365693286
[debug] [2026-06-13T15:02:30.840Z] Checked if tokens are valid: true, expires at: 1781365693286
[debug] [2026-06-13T15:02:30.840Z] >>> [apiv2][query] GET https://cloudfunctions.googleapis.com/v2/projects/best-man-challenge/locations/us-central1/operations/operation-1781362947376-65423e1b1c67c-b8289972-e02cf7b5 [none]
[debug] [2026-06-13T15:02:31.121Z] <<< [apiv2][status] GET https://cloudfunctions.googleapis.com/v2/projects/best-man-challenge/locations/us-central1/operations/operation-1781362947376-65423e1b1c67c-b8289972-e02cf7b5 200
[debug] [2026-06-13T15:02:31.122Z] <<< [apiv2][body] GET https://cloudfunctions.googleapis.com/v2/projects/best-man-challenge/locations/us-central1/operations/operation-1781362947376-65423e1b1c67c-b8289972-e02cf7b5 {"name":"projects/best-man-challenge/locations/us-central1/operations/operation-1781362947376-65423e1b1c67c-b8289972-e02cf7b5","metadata":{"@type":"type.googleapis.com/google.cloud.functions.v2.OperationMetadata","createTime":"2026-06-13T15:02:28.546779088Z","target":"projects/best-man-challenge/locations/us-central1/functions/syncWeeklyChallengeActive","verb":"create","cancelRequested":false,"apiVersion":"v2","requestResource":{"@type":"type.googleapis.com/google.cloud.functions.v2.Function","name":"projects/best-man-challenge/locations/us-central1/functions/syncWeeklyChallengeActive","buildConfig":{"runtime":"nodejs24","entryPoint":"syncWeeklyChallengeActive","source":{"storageSource":{"bucket":"gcf-v2-sources-135750495924-us-central1","object":"syncWeeklyChallengeActive/function-source.zip","generation":"1781362948162028"}},"environmentVariables":{"GOOGLE_NODE_RUN_SCRIPTS":""},"serviceAccount":"projects/best-man-challenge/serviceAccounts/135750495924-compute@developer.gserviceaccount.com","automaticUpdatePolicy":{}},"serviceConfig":{"service":"projects/best-man-challenge/locations/us-central1/services/syncweeklychallengeactive","timeoutSeconds":60,"environmentVariables":{"FIREBASE_CONFIG":"{\"projectId\":\"best-man-challenge\",\"storageBucket\":\"best-man-challenge.firebasestorage.app\"}","GCLOUD_PROJECT":"best-man-challenge","EVENTARC_CLOUD_EVENT_SOURCE":"projects/best-man-challenge/locations/us-central1/services/syncWeeklyChallengeActive","FUNCTION_TARGET":"syncWeeklyChallengeActive","LOG_EXECUTION_ID":"true"},"ingressSettings":"ALLOW_ALL","serviceAccountEmail":"135750495924-compute@developer.gserviceaccount.com","availableMemory":"256Mi","maxInstanceRequestConcurrency":80,"availableCpu":"1"},"labels":{"deployment-tool":"cli-firebase","deployment-scheduled":"true","firebase-functions-hash":"f6d0865ebff79a00d0f92415e07cae51acd687e4"},"environment":"GEN_2"},"stages":[{"name":"BUILD","state":"NOT_STARTED"},{"name":"SERVICE","state":"NOT_STARTED"}],"operationType":"CREATE_FUNCTION"},"done":false}
[debug] [2026-06-13T15:02:33.123Z] [create-default-us-central1-syncWeeklyChallengeActive] Retrying task index 0
[debug] [2026-06-13T15:02:33.124Z] Checked if tokens are valid: true, expires at: 1781365693286
[debug] [2026-06-13T15:02:33.124Z] Checked if tokens are valid: true, expires at: 1781365693286
[debug] [2026-06-13T15:02:33.124Z] >>> [apiv2][query] GET https://cloudfunctions.googleapis.com/v2/projects/best-man-challenge/locations/us-central1/operations/operation-1781362947376-65423e1b1c67c-b8289972-e02cf7b5 [none]
[debug] [2026-06-13T15:02:33.580Z] <<< [apiv2][status] GET https://cloudfunctions.googleapis.com/v2/projects/best-man-challenge/locations/us-central1/operations/operation-1781362947376-65423e1b1c67c-b8289972-e02cf7b5 200
[debug] [2026-06-13T15:02:33.580Z] <<< [apiv2][body] GET https://cloudfunctions.googleapis.com/v2/projects/best-man-challenge/locations/us-central1/operations/operation-1781362947376-65423e1b1c67c-b8289972-e02cf7b5 {"name":"projects/best-man-challenge/locations/us-central1/operations/operation-1781362947376-65423e1b1c67c-b8289972-e02cf7b5","metadata":{"@type":"type.googleapis.com/google.cloud.functions.v2.OperationMetadata","createTime":"2026-06-13T15:02:28.546779088Z","target":"projects/best-man-challenge/locations/us-central1/functions/syncWeeklyChallengeActive","verb":"create","cancelRequested":false,"apiVersion":"v2","requestResource":{"@type":"type.googleapis.com/google.cloud.functions.v2.Function","name":"projects/best-man-challenge/locations/us-central1/functions/syncWeeklyChallengeActive","buildConfig":{"runtime":"nodejs24","entryPoint":"syncWeeklyChallengeActive","source":{"storageSource":{"bucket":"gcf-v2-sources-135750495924-us-central1","object":"syncWeeklyChallengeActive/function-source.zip","generation":"1781362948162028"}},"environmentVariables":{"GOOGLE_NODE_RUN_SCRIPTS":""},"serviceAccount":"projects/best-man-challenge/serviceAccounts/135750495924-compute@developer.gserviceaccount.com","automaticUpdatePolicy":{}},"serviceConfig":{"service":"projects/best-man-challenge/locations/us-central1/services/syncweeklychallengeactive","timeoutSeconds":60,"environmentVariables":{"FIREBASE_CONFIG":"{\"projectId\":\"best-man-challenge\",\"storageBucket\":\"best-man-challenge.firebasestorage.app\"}","GCLOUD_PROJECT":"best-man-challenge","EVENTARC_CLOUD_EVENT_SOURCE":"projects/best-man-challenge/locations/us-central1/services/syncWeeklyChallengeActive","FUNCTION_TARGET":"syncWeeklyChallengeActive","LOG_EXECUTION_ID":"true"},"ingressSettings":"ALLOW_ALL","serviceAccountEmail":"135750495924-compute@developer.gserviceaccount.com","availableMemory":"256Mi","maxInstanceRequestConcurrency":80,"availableCpu":"1"},"labels":{"deployment-tool":"cli-firebase","deployment-scheduled":"true","firebase-functions-hash":"f6d0865ebff79a00d0f92415e07cae51acd687e4"},"environment":"GEN_2"},"stages":[{"name":"BUILD","state":"NOT_STARTED"},{"name":"SERVICE","state":"NOT_STARTED"}],"operationType":"CREATE_FUNCTION"},"done":false}
[debug] [2026-06-13T15:02:37.582Z] [create-default-us-central1-syncWeeklyChallengeActive] Retrying task index 0
[debug] [2026-06-13T15:02:37.583Z] Checked if tokens are valid: true, expires at: 1781365693286
[debug] [2026-06-13T15:02:37.583Z] Checked if tokens are valid: true, expires at: 1781365693286
[debug] [2026-06-13T15:02:37.583Z] >>> [apiv2][query] GET https://cloudfunctions.googleapis.com/v2/projects/best-man-challenge/locations/us-central1/operations/operation-1781362947376-65423e1b1c67c-b8289972-e02cf7b5 [none]
[debug] [2026-06-13T15:02:37.912Z] <<< [apiv2][status] GET https://cloudfunctions.googleapis.com/v2/projects/best-man-challenge/locations/us-central1/operations/operation-1781362947376-65423e1b1c67c-b8289972-e02cf7b5 200
[debug] [2026-06-13T15:02:37.912Z] <<< [apiv2][body] GET https://cloudfunctions.googleapis.com/v2/projects/best-man-challenge/locations/us-central1/operations/operation-1781362947376-65423e1b1c67c-b8289972-e02cf7b5 {"name":"projects/best-man-challenge/locations/us-central1/operations/operation-1781362947376-65423e1b1c67c-b8289972-e02cf7b5","metadata":{"@type":"type.googleapis.com/google.cloud.functions.v2.OperationMetadata","createTime":"2026-06-13T15:02:28.546779088Z","target":"projects/best-man-challenge/locations/us-central1/functions/syncWeeklyChallengeActive","verb":"create","cancelRequested":false,"apiVersion":"v2","requestResource":{"@type":"type.googleapis.com/google.cloud.functions.v2.Function","name":"projects/best-man-challenge/locations/us-central1/functions/syncWeeklyChallengeActive","buildConfig":{"runtime":"nodejs24","entryPoint":"syncWeeklyChallengeActive","source":{"storageSource":{"bucket":"gcf-v2-sources-135750495924-us-central1","object":"syncWeeklyChallengeActive/function-source.zip","generation":"1781362948162028"}},"environmentVariables":{"GOOGLE_NODE_RUN_SCRIPTS":""},"serviceAccount":"projects/best-man-challenge/serviceAccounts/135750495924-compute@developer.gserviceaccount.com","automaticUpdatePolicy":{}},"serviceConfig":{"service":"projects/best-man-challenge/locations/us-central1/services/syncweeklychallengeactive","timeoutSeconds":60,"environmentVariables":{"FIREBASE_CONFIG":"{\"projectId\":\"best-man-challenge\",\"storageBucket\":\"best-man-challenge.firebasestorage.app\"}","GCLOUD_PROJECT":"best-man-challenge","EVENTARC_CLOUD_EVENT_SOURCE":"projects/best-man-challenge/locations/us-central1/services/syncWeeklyChallengeActive","FUNCTION_TARGET":"syncWeeklyChallengeActive","LOG_EXECUTION_ID":"true"},"ingressSettings":"ALLOW_ALL","serviceAccountEmail":"135750495924-compute@developer.gserviceaccount.com","availableMemory":"256Mi","maxInstanceRequestConcurrency":80,"availableCpu":"1"},"labels":{"deployment-tool":"cli-firebase","deployment-scheduled":"true","firebase-functions-hash":"f6d0865ebff79a00d0f92415e07cae51acd687e4"},"environment":"GEN_2"},"stages":[{"name":"BUILD","state":"NOT_STARTED"},{"name":"SERVICE","state":"NOT_STARTED"}],"operationType":"CREATE_FUNCTION"},"done":false}
[debug] [2026-06-13T15:02:45.914Z] [create-default-us-central1-syncWeeklyChallengeActive] Retrying task index 0
[debug] [2026-06-13T15:02:45.914Z] Checked if tokens are valid: true, expires at: 1781365693286
[debug] [2026-06-13T15:02:45.915Z] Checked if tokens are valid: true, expires at: 1781365693286
[debug] [2026-06-13T15:02:45.915Z] >>> [apiv2][query] GET https://cloudfunctions.googleapis.com/v2/projects/best-man-challenge/locations/us-central1/operations/operation-1781362947376-65423e1b1c67c-b8289972-e02cf7b5 [none]
[debug] [2026-06-13T15:02:46.379Z] <<< [apiv2][status] GET https://cloudfunctions.googleapis.com/v2/projects/best-man-challenge/locations/us-central1/operations/operation-1781362947376-65423e1b1c67c-b8289972-e02cf7b5 200
[debug] [2026-06-13T15:02:46.380Z] <<< [apiv2][body] GET https://cloudfunctions.googleapis.com/v2/projects/best-man-challenge/locations/us-central1/operations/operation-1781362947376-65423e1b1c67c-b8289972-e02cf7b5 {"name":"projects/best-man-challenge/locations/us-central1/operations/operation-1781362947376-65423e1b1c67c-b8289972-e02cf7b5","metadata":{"@type":"type.googleapis.com/google.cloud.functions.v2.OperationMetadata","createTime":"2026-06-13T15:02:28.546779088Z","target":"projects/best-man-challenge/locations/us-central1/functions/syncWeeklyChallengeActive","verb":"create","cancelRequested":false,"apiVersion":"v2","requestResource":{"@type":"type.googleapis.com/google.cloud.functions.v2.Function","name":"projects/best-man-challenge/locations/us-central1/functions/syncWeeklyChallengeActive","buildConfig":{"runtime":"nodejs24","entryPoint":"syncWeeklyChallengeActive","source":{"storageSource":{"bucket":"gcf-v2-sources-135750495924-us-central1","object":"syncWeeklyChallengeActive/function-source.zip","generation":"1781362948162028"}},"environmentVariables":{"GOOGLE_NODE_RUN_SCRIPTS":""},"serviceAccount":"projects/best-man-challenge/serviceAccounts/135750495924-compute@developer.gserviceaccount.com","automaticUpdatePolicy":{}},"serviceConfig":{"service":"projects/best-man-challenge/locations/us-central1/services/syncweeklychallengeactive","timeoutSeconds":60,"environmentVariables":{"FIREBASE_CONFIG":"{\"projectId\":\"best-man-challenge\",\"storageBucket\":\"best-man-challenge.firebasestorage.app\"}","GCLOUD_PROJECT":"best-man-challenge","EVENTARC_CLOUD_EVENT_SOURCE":"projects/best-man-challenge/locations/us-central1/services/syncWeeklyChallengeActive","FUNCTION_TARGET":"syncWeeklyChallengeActive","LOG_EXECUTION_ID":"true"},"ingressSettings":"ALLOW_ALL","serviceAccountEmail":"135750495924-compute@developer.gserviceaccount.com","availableMemory":"256Mi","maxInstanceRequestConcurrency":80,"availableCpu":"1"},"labels":{"deployment-tool":"cli-firebase","deployment-scheduled":"true","firebase-functions-hash":"f6d0865ebff79a00d0f92415e07cae51acd687e4"},"environment":"GEN_2"},"stages":[{"name":"BUILD","message":"Build in progress","state":"IN_PROGRESS","resource":"projects/135750495924/locations/us-central1/builds/972de1f4-6a7e-4850-a63a-bddcfb037fa9","resourceUri":"https://console.cloud.google.com/cloud-build/builds;region=us-central1/972de1f4-6a7e-4850-a63a-bddcfb037fa9?project=135750495924"},{"name":"SERVICE","state":"NOT_STARTED"}],"operationType":"CREATE_FUNCTION","buildName":"projects/135750495924/locations/us-central1/builds/972de1f4-6a7e-4850-a63a-bddcfb037fa9"},"done":false}
[debug] [2026-06-13T15:02:56.381Z] [create-default-us-central1-syncWeeklyChallengeActive] Retrying task index 0
[debug] [2026-06-13T15:02:56.381Z] Checked if tokens are valid: true, expires at: 1781365693286
[debug] [2026-06-13T15:02:56.381Z] Checked if tokens are valid: true, expires at: 1781365693286
[debug] [2026-06-13T15:02:56.381Z] >>> [apiv2][query] GET https://cloudfunctions.googleapis.com/v2/projects/best-man-challenge/locations/us-central1/operations/operation-1781362947376-65423e1b1c67c-b8289972-e02cf7b5 [none]
[debug] [2026-06-13T15:02:56.824Z] <<< [apiv2][status] GET https://cloudfunctions.googleapis.com/v2/projects/best-man-challenge/locations/us-central1/operations/operation-1781362947376-65423e1b1c67c-b8289972-e02cf7b5 200
[debug] [2026-06-13T15:02:56.825Z] <<< [apiv2][body] GET https://cloudfunctions.googleapis.com/v2/projects/best-man-challenge/locations/us-central1/operations/operation-1781362947376-65423e1b1c67c-b8289972-e02cf7b5 {"name":"projects/best-man-challenge/locations/us-central1/operations/operation-1781362947376-65423e1b1c67c-b8289972-e02cf7b5","metadata":{"@type":"type.googleapis.com/google.cloud.functions.v2.OperationMetadata","createTime":"2026-06-13T15:02:28.546779088Z","target":"projects/best-man-challenge/locations/us-central1/functions/syncWeeklyChallengeActive","verb":"create","cancelRequested":false,"apiVersion":"v2","requestResource":{"@type":"type.googleapis.com/google.cloud.functions.v2.Function","name":"projects/best-man-challenge/locations/us-central1/functions/syncWeeklyChallengeActive","buildConfig":{"runtime":"nodejs24","entryPoint":"syncWeeklyChallengeActive","source":{"storageSource":{"bucket":"gcf-v2-sources-135750495924-us-central1","object":"syncWeeklyChallengeActive/function-source.zip","generation":"1781362948162028"}},"environmentVariables":{"GOOGLE_NODE_RUN_SCRIPTS":""},"serviceAccount":"projects/best-man-challenge/serviceAccounts/135750495924-compute@developer.gserviceaccount.com","automaticUpdatePolicy":{}},"serviceConfig":{"service":"projects/best-man-challenge/locations/us-central1/services/syncweeklychallengeactive","timeoutSeconds":60,"environmentVariables":{"FIREBASE_CONFIG":"{\"projectId\":\"best-man-challenge\",\"storageBucket\":\"best-man-challenge.firebasestorage.app\"}","GCLOUD_PROJECT":"best-man-challenge","EVENTARC_CLOUD_EVENT_SOURCE":"projects/best-man-challenge/locations/us-central1/services/syncWeeklyChallengeActive","FUNCTION_TARGET":"syncWeeklyChallengeActive","LOG_EXECUTION_ID":"true"},"ingressSettings":"ALLOW_ALL","serviceAccountEmail":"135750495924-compute@developer.gserviceaccount.com","availableMemory":"256Mi","maxInstanceRequestConcurrency":80,"availableCpu":"1"},"labels":{"deployment-tool":"cli-firebase","deployment-scheduled":"true","firebase-functions-hash":"f6d0865ebff79a00d0f92415e07cae51acd687e4"},"environment":"GEN_2"},"stages":[{"name":"BUILD","message":"Build in progress","state":"IN_PROGRESS","resource":"projects/135750495924/locations/us-central1/builds/972de1f4-6a7e-4850-a63a-bddcfb037fa9","resourceUri":"https://console.cloud.google.com/cloud-build/builds;region=us-central1/972de1f4-6a7e-4850-a63a-bddcfb037fa9?project=135750495924"},{"name":"SERVICE","state":"NOT_STARTED"}],"operationType":"CREATE_FUNCTION","buildName":"projects/135750495924/locations/us-central1/builds/972de1f4-6a7e-4850-a63a-bddcfb037fa9"},"done":false}
[debug] [2026-06-13T15:03:06.825Z] [create-default-us-central1-syncWeeklyChallengeActive] Retrying task index 0
[debug] [2026-06-13T15:03:06.826Z] Checked if tokens are valid: true, expires at: 1781365693286
[debug] [2026-06-13T15:03:06.826Z] Checked if tokens are valid: true, expires at: 1781365693286
[debug] [2026-06-13T15:03:06.826Z] >>> [apiv2][query] GET https://cloudfunctions.googleapis.com/v2/projects/best-man-challenge/locations/us-central1/operations/operation-1781362947376-65423e1b1c67c-b8289972-e02cf7b5 [none]
[debug] [2026-06-13T15:03:07.373Z] <<< [apiv2][status] GET https://cloudfunctions.googleapis.com/v2/projects/best-man-challenge/locations/us-central1/operations/operation-1781362947376-65423e1b1c67c-b8289972-e02cf7b5 200
[debug] [2026-06-13T15:03:07.373Z] <<< [apiv2][body] GET https://cloudfunctions.googleapis.com/v2/projects/best-man-challenge/locations/us-central1/operations/operation-1781362947376-65423e1b1c67c-b8289972-e02cf7b5 {"name":"projects/best-man-challenge/locations/us-central1/operations/operation-1781362947376-65423e1b1c67c-b8289972-e02cf7b5","metadata":{"@type":"type.googleapis.com/google.cloud.functions.v2.OperationMetadata","createTime":"2026-06-13T15:02:28.546779088Z","target":"projects/best-man-challenge/locations/us-central1/functions/syncWeeklyChallengeActive","verb":"create","cancelRequested":false,"apiVersion":"v2","requestResource":{"@type":"type.googleapis.com/google.cloud.functions.v2.Function","name":"projects/best-man-challenge/locations/us-central1/functions/syncWeeklyChallengeActive","buildConfig":{"runtime":"nodejs24","entryPoint":"syncWeeklyChallengeActive","source":{"storageSource":{"bucket":"gcf-v2-sources-135750495924-us-central1","object":"syncWeeklyChallengeActive/function-source.zip","generation":"1781362948162028"}},"environmentVariables":{"GOOGLE_NODE_RUN_SCRIPTS":""},"serviceAccount":"projects/best-man-challenge/serviceAccounts/135750495924-compute@developer.gserviceaccount.com","automaticUpdatePolicy":{}},"serviceConfig":{"service":"projects/best-man-challenge/locations/us-central1/services/syncweeklychallengeactive","timeoutSeconds":60,"environmentVariables":{"FIREBASE_CONFIG":"{\"projectId\":\"best-man-challenge\",\"storageBucket\":\"best-man-challenge.firebasestorage.app\"}","GCLOUD_PROJECT":"best-man-challenge","EVENTARC_CLOUD_EVENT_SOURCE":"projects/best-man-challenge/locations/us-central1/services/syncWeeklyChallengeActive","FUNCTION_TARGET":"syncWeeklyChallengeActive","LOG_EXECUTION_ID":"true"},"ingressSettings":"ALLOW_ALL","serviceAccountEmail":"135750495924-compute@developer.gserviceaccount.com","availableMemory":"256Mi","maxInstanceRequestConcurrency":80,"availableCpu":"1"},"labels":{"deployment-tool":"cli-firebase","deployment-scheduled":"true","firebase-functions-hash":"f6d0865ebff79a00d0f92415e07cae51acd687e4"},"environment":"GEN_2"},"stages":[{"name":"BUILD","message":"Build in progress","state":"IN_PROGRESS","resource":"projects/135750495924/locations/us-central1/builds/972de1f4-6a7e-4850-a63a-bddcfb037fa9","resourceUri":"https://console.cloud.google.com/cloud-build/builds;region=us-central1/972de1f4-6a7e-4850-a63a-bddcfb037fa9?project=135750495924"},{"name":"SERVICE","state":"NOT_STARTED"}],"operationType":"CREATE_FUNCTION","buildName":"projects/135750495924/locations/us-central1/builds/972de1f4-6a7e-4850-a63a-bddcfb037fa9"},"done":false}
[debug] [2026-06-13T15:03:17.378Z] [create-default-us-central1-syncWeeklyChallengeActive] Retrying task index 0
[debug] [2026-06-13T15:03:17.379Z] Checked if tokens are valid: true, expires at: 1781365693286
[debug] [2026-06-13T15:03:17.379Z] Checked if tokens are valid: true, expires at: 1781365693286
[debug] [2026-06-13T15:03:17.379Z] >>> [apiv2][query] GET https://cloudfunctions.googleapis.com/v2/projects/best-man-challenge/locations/us-central1/operations/operation-1781362947376-65423e1b1c67c-b8289972-e02cf7b5 [none]
[debug] [2026-06-13T15:03:17.827Z] <<< [apiv2][status] GET https://cloudfunctions.googleapis.com/v2/projects/best-man-challenge/locations/us-central1/operations/operation-1781362947376-65423e1b1c67c-b8289972-e02cf7b5 200
[debug] [2026-06-13T15:03:17.828Z] <<< [apiv2][body] GET https://cloudfunctions.googleapis.com/v2/projects/best-man-challenge/locations/us-central1/operations/operation-1781362947376-65423e1b1c67c-b8289972-e02cf7b5 {"name":"projects/best-man-challenge/locations/us-central1/operations/operation-1781362947376-65423e1b1c67c-b8289972-e02cf7b5","metadata":{"@type":"type.googleapis.com/google.cloud.functions.v2.OperationMetadata","createTime":"2026-06-13T15:02:28.546779088Z","endTime":"2026-06-13T15:03:11.438410617Z","target":"projects/best-man-challenge/locations/us-central1/functions/syncWeeklyChallengeActive","verb":"create","cancelRequested":false,"apiVersion":"v2","requestResource":{"@type":"type.googleapis.com/google.cloud.functions.v2.Function","name":"projects/best-man-challenge/locations/us-central1/functions/syncWeeklyChallengeActive","buildConfig":{"runtime":"nodejs24","entryPoint":"syncWeeklyChallengeActive","source":{"storageSource":{"bucket":"gcf-v2-sources-135750495924-us-central1","object":"syncWeeklyChallengeActive/function-source.zip","generation":"1781362948162028"}},"environmentVariables":{"GOOGLE_NODE_RUN_SCRIPTS":""},"serviceAccount":"projects/best-man-challenge/serviceAccounts/135750495924-compute@developer.gserviceaccount.com","automaticUpdatePolicy":{}},"serviceConfig":{"service":"projects/best-man-challenge/locations/us-central1/services/syncweeklychallengeactive","timeoutSeconds":60,"environmentVariables":{"FIREBASE_CONFIG":"{\"projectId\":\"best-man-challenge\",\"storageBucket\":\"best-man-challenge.firebasestorage.app\"}","GCLOUD_PROJECT":"best-man-challenge","EVENTARC_CLOUD_EVENT_SOURCE":"projects/best-man-challenge/locations/us-central1/services/syncWeeklyChallengeActive","FUNCTION_TARGET":"syncWeeklyChallengeActive","LOG_EXECUTION_ID":"true"},"ingressSettings":"ALLOW_ALL","serviceAccountEmail":"135750495924-compute@developer.gserviceaccount.com","availableMemory":"256Mi","maxInstanceRequestConcurrency":80,"availableCpu":"1"},"labels":{"deployment-tool":"cli-firebase","deployment-scheduled":"true","firebase-functions-hash":"f6d0865ebff79a00d0f92415e07cae51acd687e4"},"environment":"GEN_2"},"stages":[{"name":"ARTIFACT_REGISTRY","message":"Deleting function artifacts in Artifact Registry","state":"COMPLETE"},{"name":"SERVICE","message":"Deleting Cloud Run service","state":"COMPLETE","resource":"projects/best-man-challenge/locations/us-central1/services/syncweeklychallengeactive"}],"operationType":"CREATE_FUNCTION"},"done":true,"error":{"code":3,"message":"Build failed with status: FAILURE. Could not build the function due to a missing permission on the build service account. If you didn't revoke that permission explicitly, this could be caused by a change in the organization policies. Please refer to the following documentation for more details and resolution: https://cloud.google.com/functions/docs/troubleshooting#build-service-account\n You can also view the logs at https://console.cloud.google.com/cloud-build/builds;region=us-central1/972de1f4-6a7e-4850-a63a-bddcfb037fa9?project=135750495924.\n"}}
[debug] [2026-06-13T15:03:17.828Z] Got source token undefined for region us-central1
[error] Build failed with status: FAILURE. Could not build the function due to a missing permission on the build service account. If you didn't revoke that permission explicitly, this could be caused by a change in the organization policies. Please refer to the following documentation for more details and resolution: https://cloud.google.com/functions/docs/troubleshooting#build-service-account
 You can also view the logs at https://console.cloud.google.com/cloud-build/builds;region=us-central1/972de1f4-6a7e-4850-a63a-bddcfb037fa9?project=135750495924.

[debug] [2026-06-13T15:03:17.833Z] Total Function Deployment time: 50755
[debug] [2026-06-13T15:03:17.833Z] 1 Functions Deployed
[debug] [2026-06-13T15:03:17.833Z] 1 Functions Errored
[debug] [2026-06-13T15:03:17.833Z] 0 Function Deployments Aborted
[debug] [2026-06-13T15:03:17.833Z] Average Function Deployment time: 50755
[info] 
[info] Functions deploy had errors with the following functions:
	syncWeeklyChallengeActive(us-central1)
[debug] [2026-06-13T15:03:17.915Z] Checked if tokens are valid: true, expires at: 1781365693286
[debug] [2026-06-13T15:03:17.915Z] Checked if tokens are valid: true, expires at: 1781365693286
[debug] [2026-06-13T15:03:17.915Z] >>> [apiv2][query] GET https://artifactregistry.googleapis.com/v1/projects/best-man-challenge/locations/us-central1/repositories/gcf-artifacts [none]
[debug] [2026-06-13T15:03:18.320Z] <<< [apiv2][status] GET https://artifactregistry.googleapis.com/v1/projects/best-man-challenge/locations/us-central1/repositories/gcf-artifacts 200
[debug] [2026-06-13T15:03:18.321Z] <<< [apiv2][body] GET https://artifactregistry.googleapis.com/v1/projects/best-man-challenge/locations/us-central1/repositories/gcf-artifacts {"name":"projects/best-man-challenge/locations/us-central1/repositories/gcf-artifacts","format":"DOCKER","description":"This repository is created and used by Cloud Functions for storing function docker images.","labels":{"goog-managed-by":"cloudfunctions"},"createTime":"2026-06-13T15:02:43.175735Z","updateTime":"2026-06-13T15:02:43.175735Z","mode":"STANDARD_REPOSITORY","vulnerabilityScanningConfig":{"lastEnableTime":"2026-06-13T15:02:28.785629891Z","enablementState":"SCANNING_DISABLED","enablementStateReason":"API containerscanning.googleapis.com is not enabled."},"satisfiesPzi":true,"registryUri":"us-central1-docker.pkg.dev/best-man-challenge/gcf-artifacts"}
[warn] ⚠  functions: No cleanup policy detected for repositories in us-central1. This may result in a small monthly bill as container images accumulate over time. 
[info] i  functions: Configuring cleanup policy for repository in us-central1. Images older than 1 days will be automatically deleted. 
[debug] [2026-06-13T15:08:17.607Z] Setting up artifact cleanup policy for region us-central1
[debug] [2026-06-13T15:08:17.608Z] Checked if tokens are valid: true, expires at: 1781365693286
[debug] [2026-06-13T15:08:17.608Z] Checked if tokens are valid: true, expires at: 1781365693286
[debug] [2026-06-13T15:08:17.608Z] >>> [apiv2][query] PATCH https://artifactregistry.googleapis.com/v1/projects/best-man-challenge/locations/us-central1/repositories/gcf-artifacts updateMask=name%2CcleanupPolicies%2CcleanupPolicyDryRun%2Clabels
[debug] [2026-06-13T15:08:17.608Z] >>> [apiv2][body] PATCH https://artifactregistry.googleapis.com/v1/projects/best-man-challenge/locations/us-central1/repositories/gcf-artifacts {"name":"projects/best-man-challenge/locations/us-central1/repositories/gcf-artifacts","cleanupPolicies":{"firebase-functions-cleanup":{"id":"firebase-functions-cleanup","condition":{"tagState":"ANY","olderThan":"86400s"},"action":"DELETE"}},"cleanupPolicyDryRun":false,"labels":{"goog-managed-by":"cloudfunctions"}}
[debug] [2026-06-13T15:08:18.282Z] <<< [apiv2][status] PATCH https://artifactregistry.googleapis.com/v1/projects/best-man-challenge/locations/us-central1/repositories/gcf-artifacts 200
[debug] [2026-06-13T15:08:18.282Z] <<< [apiv2][body] PATCH https://artifactregistry.googleapis.com/v1/projects/best-man-challenge/locations/us-central1/repositories/gcf-artifacts {"name":"projects/best-man-challenge/locations/us-central1/repositories/gcf-artifacts","format":"DOCKER","description":"This repository is created and used by Cloud Functions for storing function docker images.","labels":{"goog-managed-by":"cloudfunctions"},"createTime":"2026-06-13T15:02:43.175735Z","updateTime":"2026-06-13T15:08:18.040746Z","mode":"STANDARD_REPOSITORY","cleanupPolicies":{"firebase-functions-cleanup":{"id":"firebase-functions-cleanup","action":"DELETE","condition":{"tagState":"ANY","olderThan":"86400s"}}},"vulnerabilityScanningConfig":{"lastEnableTime":"2026-06-13T15:02:28.785629891Z","enablementState":"SCANNING_DISABLED","enablementStateReason":"API containerscanning.googleapis.com is not enabled."},"satisfiesPzi":true}
[info] i  functions: Configured cleanup policy for repository in us-central1. 
[debug] [2026-06-13T15:08:18.282Z] Functions deploy failed.
[debug] [2026-06-13T15:08:18.283Z] {
  "endpoint": {
    "id": "syncWeeklyChallengeActive",
    "project": "best-man-challenge",
    "region": "us-central1",
    "entryPoint": "syncWeeklyChallengeActive",
    "platform": "gcfv2",
    "runtime": "nodejs24",
    "scheduleTrigger": {
      "schedule": "every 1 hours",
      "timeZone": "America/Chicago",
      "retryConfig": {}
    },
    "labels": {
      "deployment-tool": "cli-firebase"
    },
    "serviceAccount": null,
    "ingressSettings": null,
    "availableMemoryMb": null,
    "timeoutSeconds": null,
    "maxInstances": null,
    "minInstances": null,
    "concurrency": 80,
    "vpc": null,
    "environmentVariables": {
      "FIREBASE_CONFIG": "{\"projectId\":\"best-man-challenge\",\"storageBucket\":\"best-man-challenge.firebasestorage.app\"}",
      "GCLOUD_PROJECT": "best-man-challenge",
      "EVENTARC_CLOUD_EVENT_SOURCE": "projects/best-man-challenge/locations/us-central1/services/syncWeeklyChallengeActive"
    },
    "codebase": "default",
    "cpu": 1,
    "targetedByOnly": false,
    "hash": "f6d0865ebff79a00d0f92415e07cae51acd687e4"
  },
  "op": "create",
  "original": {
    "name": "FirebaseError",
    "children": [],
    "exit": 1,
    "message": "Build failed with status: FAILURE. Could not build the function due to a missing permission on the build service account. If you didn't revoke that permission explicitly, this could be caused by a change in the organization policies. Please refer to the following documentation for more details and resolution: https://cloud.google.com/functions/docs/troubleshooting#build-service-account\n You can also view the logs at https://console.cloud.google.com/cloud-build/builds;region=us-central1/972de1f4-6a7e-4850-a63a-bddcfb037fa9?project=135750495924.\n",
    "original": {
      "code": 3,
      "message": "Build failed with status: FAILURE. Could not build the function due to a missing permission on the build service account. If you didn't revoke that permission explicitly, this could be caused by a change in the organization policies. Please refer to the following documentation for more details and resolution: https://cloud.google.com/functions/docs/troubleshooting#build-service-account\n You can also view the logs at https://console.cloud.google.com/cloud-build/builds;region=us-central1/972de1f4-6a7e-4850-a63a-bddcfb037fa9?project=135750495924.\n"
    },
    "status": 3,
    "code": 3
  }
}
[debug] [2026-06-13T15:08:18.374Z] Error: Failed to create function syncWeeklyChallengeActive in region us-central1
    at /opt/homebrew/lib/node_modules/firebase-tools/lib/deploy/functions/release/fabricator.js:319:27
    at process.processTicksAndRejections (node:internal/process/task_queues:103:5)
    at async Fabricator.createV2Function (/opt/homebrew/lib/node_modules/firebase-tools/lib/deploy/functions/release/fabricator.js:298:30)
    at async Fabricator.createEndpoint (/opt/homebrew/lib/node_modules/firebase-tools/lib/deploy/functions/release/fabricator.js:138:13)
    at async handle (/opt/homebrew/lib/node_modules/firebase-tools/lib/deploy/functions/release/fabricator.js:90:17)
[error] 
[error] Error: There was an error deploying functions
[debug] [2026-06-13T15:13:02.879Z] ----------------------------------------------------------------------
[debug] [2026-06-13T15:13:02.883Z] Command:       /opt/homebrew/Cellar/node/25.2.1/bin/node /opt/homebrew/bin/firebase deploy --only functions
[debug] [2026-06-13T15:13:02.883Z] CLI Version:   15.5.1
[debug] [2026-06-13T15:13:02.883Z] Platform:      darwin
[debug] [2026-06-13T15:13:02.883Z] Node Version:  v25.2.1
[debug] [2026-06-13T15:13:02.883Z] Time:          Sat Jun 13 2026 08:13:02 GMT-0700 (Pacific Daylight Time)
[debug] [2026-06-13T15:13:02.883Z] ----------------------------------------------------------------------
[debug] 
[debug] [2026-06-13T15:13:03.455Z] > command requires scopes: ["email","openid","https://www.googleapis.com/auth/cloudplatformprojects.readonly","https://www.googleapis.com/auth/firebase","https://www.googleapis.com/auth/cloud-platform"]
[debug] [2026-06-13T15:13:03.455Z] > authorizing via signed-in user (bretc213@gmail.com)
[debug] [2026-06-13T15:13:03.455Z] [iam] checking project best-man-challenge for permissions ["cloudfunctions.functions.create","cloudfunctions.functions.delete","cloudfunctions.functions.get","cloudfunctions.functions.list","cloudfunctions.functions.update","cloudfunctions.operations.get","firebase.projects.get"]
[debug] [2026-06-13T15:13:03.456Z] Checked if tokens are valid: true, expires at: 1781365693286
[debug] [2026-06-13T15:13:03.456Z] Checked if tokens are valid: true, expires at: 1781365693286
[debug] [2026-06-13T15:13:03.456Z] >>> [apiv2][query] POST https://cloudresourcemanager.googleapis.com/v1/projects/best-man-challenge:testIamPermissions [none]
[debug] [2026-06-13T15:13:03.456Z] >>> [apiv2][(partial)header] POST https://cloudresourcemanager.googleapis.com/v1/projects/best-man-challenge:testIamPermissions  x-goog-user-project=best-man-challenge
[debug] [2026-06-13T15:13:03.456Z] >>> [apiv2][body] POST https://cloudresourcemanager.googleapis.com/v1/projects/best-man-challenge:testIamPermissions {"permissions":["cloudfunctions.functions.create","cloudfunctions.functions.delete","cloudfunctions.functions.get","cloudfunctions.functions.list","cloudfunctions.functions.update","cloudfunctions.operations.get","firebase.projects.get"]}
[debug] [2026-06-13T15:13:03.777Z] <<< [apiv2][status] POST https://cloudresourcemanager.googleapis.com/v1/projects/best-man-challenge:testIamPermissions 200
[debug] [2026-06-13T15:13:03.777Z] <<< [apiv2][body] POST https://cloudresourcemanager.googleapis.com/v1/projects/best-man-challenge:testIamPermissions {"permissions":["cloudfunctions.functions.create","cloudfunctions.functions.delete","cloudfunctions.functions.get","cloudfunctions.functions.list","cloudfunctions.functions.update","cloudfunctions.operations.get","firebase.projects.get"]}
[debug] [2026-06-13T15:13:03.778Z] Checked if tokens are valid: true, expires at: 1781365693286
[debug] [2026-06-13T15:13:03.778Z] Checked if tokens are valid: true, expires at: 1781365693286
[debug] [2026-06-13T15:13:03.778Z] >>> [apiv2][query] POST https://iam.googleapis.com/v1/projects/best-man-challenge/serviceAccounts/best-man-challenge@appspot.gserviceaccount.com:testIamPermissions [none]
[debug] [2026-06-13T15:13:03.778Z] >>> [apiv2][body] POST https://iam.googleapis.com/v1/projects/best-man-challenge/serviceAccounts/best-man-challenge@appspot.gserviceaccount.com:testIamPermissions {"permissions":["iam.serviceAccounts.actAs"]}
[debug] [2026-06-13T15:13:04.219Z] <<< [apiv2][status] POST https://iam.googleapis.com/v1/projects/best-man-challenge/serviceAccounts/best-man-challenge@appspot.gserviceaccount.com:testIamPermissions 200
[debug] [2026-06-13T15:13:04.219Z] <<< [apiv2][body] POST https://iam.googleapis.com/v1/projects/best-man-challenge/serviceAccounts/best-man-challenge@appspot.gserviceaccount.com:testIamPermissions {"permissions":["iam.serviceAccounts.actAs"]}
[info] 
[info] === Deploying to 'best-man-challenge'...
[info] 
[info] i  deploying functions 
[info] Running command: npm --prefix "$RESOURCE_DIR" run build
[info] ✔  functions: Finished running predeploy script. 
[debug] [2026-06-13T15:13:06.548Z] Checked if tokens are valid: true, expires at: 1781365693286
[debug] [2026-06-13T15:13:06.548Z] Checked if tokens are valid: true, expires at: 1781365693286
[debug] [2026-06-13T15:13:06.548Z] >>> [apiv2][query] GET https://cloudresourcemanager.googleapis.com/v1/projects/best-man-challenge [none]
[debug] [2026-06-13T15:13:06.669Z] <<< [apiv2][status] GET https://cloudresourcemanager.googleapis.com/v1/projects/best-man-challenge 200
[debug] [2026-06-13T15:13:06.669Z] <<< [apiv2][body] GET https://cloudresourcemanager.googleapis.com/v1/projects/best-man-challenge {"projectNumber":"135750495924","projectId":"best-man-challenge","lifecycleState":"ACTIVE","name":"Best Man Challenge","labels":{"firebase":"enabled","firebase-core":"disabled"},"createTime":"2025-05-23T23:22:24.269714Z"}
[info] i  functions: preparing codebase default for deployment 
[info] i  functions: ensuring required API cloudfunctions.googleapis.com is enabled... 
[info] i  functions: ensuring required API cloudbuild.googleapis.com is enabled... 
[info] i  artifactregistry: ensuring required API artifactregistry.googleapis.com is enabled... 
[debug] [2026-06-13T15:13:06.670Z] Checked if tokens are valid: true, expires at: 1781365693286
[debug] [2026-06-13T15:13:06.670Z] Checked if tokens are valid: true, expires at: 1781365693286
[debug] [2026-06-13T15:13:06.670Z] >>> [apiv2][query] GET https://firebase.googleapis.com/v1beta1/projects/best-man-challenge/adminSdkConfig [none]
[debug] [2026-06-13T15:13:06.884Z] <<< [apiv2][status] GET https://firebase.googleapis.com/v1beta1/projects/best-man-challenge/adminSdkConfig 200
[debug] [2026-06-13T15:13:06.884Z] <<< [apiv2][body] GET https://firebase.googleapis.com/v1beta1/projects/best-man-challenge/adminSdkConfig {"projectId":"best-man-challenge","storageBucket":"best-man-challenge.firebasestorage.app"}
[debug] [2026-06-13T15:13:06.885Z] Checked if tokens are valid: true, expires at: 1781365693286
[debug] [2026-06-13T15:13:06.885Z] Checked if tokens are valid: true, expires at: 1781365693286
[debug] [2026-06-13T15:13:06.885Z] >>> [apiv2][query] GET https://runtimeconfig.googleapis.com/v1beta1/projects/best-man-challenge/configs [none]
[debug] [2026-06-13T15:13:07.132Z] <<< [apiv2][status] GET https://runtimeconfig.googleapis.com/v1beta1/projects/best-man-challenge/configs 200
[debug] [2026-06-13T15:13:07.132Z] <<< [apiv2][body] GET https://runtimeconfig.googleapis.com/v1beta1/projects/best-man-challenge/configs {}
[debug] [2026-06-13T15:13:07.134Z] Validating nodejs source
[debug] [2026-06-13T15:13:07.532Z] > [functions] package.json contents: {
  "name": "functions",
  "scripts": {
    "lint": "eslint --ext .js,.ts .",
    "build": "tsc",
    "build:watch": "tsc --watch",
    "serve": "npm run build && firebase emulators:start --only functions",
    "shell": "npm run build && firebase functions:shell",
    "start": "npm run shell",
    "deploy": "firebase deploy --only functions",
    "logs": "firebase functions:log"
  },
  "engines": {
    "node": "24"
  },
  "main": "lib/index.js",
  "dependencies": {
    "firebase-admin": "^13.6.0",
    "firebase-functions": "^7.0.0"
  },
  "devDependencies": {
    "@typescript-eslint/eslint-plugin": "^5.12.0",
    "@typescript-eslint/parser": "^5.12.0",
    "eslint": "^8.9.0",
    "eslint-config-google": "^0.14.0",
    "eslint-plugin-import": "^2.25.4",
    "firebase-functions-test": "^3.4.1",
    "typescript": "^5.7.3"
  },
  "private": true
}
[debug] [2026-06-13T15:13:07.532Z] Building nodejs source
[info] i  functions: Loading and analyzing source code for codebase default to determine what to deploy 
[debug] [2026-06-13T15:13:07.533Z] Could not find functions.yaml. Must use http discovery
[debug] [2026-06-13T15:13:07.537Z] Found firebase-functions binary at '/Users/bclem213/Desktop/Health and Wellness/Life/Wedding/Best Man Challenge/Best Man Challenge/functions/node_modules/.bin/firebase-functions'
[info] Serving at port 8606

[debug] [2026-06-13T15:13:07.727Z] Got response from /__/functions.yaml {"endpoints":{"syncWeeklyChallengeActive":{"availableMemoryMb":null,"timeoutSeconds":null,"minInstances":null,"maxInstances":null,"ingressSettings":null,"concurrency":null,"serviceAccountEmail":null,"vpc":null,"platform":"gcfv2","labels":{},"scheduleTrigger":{"schedule":"every 1 hours","retryConfig":{},"timeZone":"America/Chicago"},"entryPoint":"syncWeeklyChallengeActive"}},"specVersion":"v1alpha1","requiredAPIs":[{"api":"cloudscheduler.googleapis.com","reason":"Needed for scheduled functions."}],"extensions":{}}
[info] i  extensions: ensuring required API firebaseextensions.googleapis.com is enabled... 
[debug] [2026-06-13T15:13:11.747Z] > command requires scopes: ["email","openid","https://www.googleapis.com/auth/cloudplatformprojects.readonly","https://www.googleapis.com/auth/firebase","https://www.googleapis.com/auth/cloud-platform"]
[debug] [2026-06-13T15:13:11.747Z] > authorizing via signed-in user (bretc213@gmail.com)
[debug] [2026-06-13T15:13:11.747Z] [iam] checking project best-man-challenge for permissions ["firebase.projects.get","firebaseextensions.instances.list"]
[debug] [2026-06-13T15:13:11.748Z] Checked if tokens are valid: true, expires at: 1781365693286
[debug] [2026-06-13T15:13:11.748Z] Checked if tokens are valid: true, expires at: 1781365693286
[debug] [2026-06-13T15:13:11.748Z] >>> [apiv2][query] POST https://cloudresourcemanager.googleapis.com/v1/projects/best-man-challenge:testIamPermissions [none]
[debug] [2026-06-13T15:13:11.748Z] >>> [apiv2][(partial)header] POST https://cloudresourcemanager.googleapis.com/v1/projects/best-man-challenge:testIamPermissions  x-goog-user-project=best-man-challenge
[debug] [2026-06-13T15:13:11.748Z] >>> [apiv2][body] POST https://cloudresourcemanager.googleapis.com/v1/projects/best-man-challenge:testIamPermissions {"permissions":["firebase.projects.get","firebaseextensions.instances.list"]}
[debug] [2026-06-13T15:13:11.921Z] <<< [apiv2][status] POST https://cloudresourcemanager.googleapis.com/v1/projects/best-man-challenge:testIamPermissions 200
[debug] [2026-06-13T15:13:11.922Z] <<< [apiv2][body] POST https://cloudresourcemanager.googleapis.com/v1/projects/best-man-challenge:testIamPermissions {"permissions":["firebase.projects.get","firebaseextensions.instances.list"]}
[debug] [2026-06-13T15:13:11.922Z] Checked if tokens are valid: true, expires at: 1781365693286
[debug] [2026-06-13T15:13:11.923Z] Checked if tokens are valid: true, expires at: 1781365693286
[debug] [2026-06-13T15:13:11.923Z] >>> [apiv2][query] GET https://firebaseextensions.googleapis.com/v1beta/projects/best-man-challenge/instances pageSize=100&pageToken=
[debug] [2026-06-13T15:13:12.421Z] <<< [apiv2][status] GET https://firebaseextensions.googleapis.com/v1beta/projects/best-man-challenge/instances 200
[debug] [2026-06-13T15:13:12.421Z] <<< [apiv2][body] GET https://firebaseextensions.googleapis.com/v1beta/projects/best-man-challenge/instances {}
[info] i  functions: preparing functions directory for uploading... 
[info] i  functions: packaged /Users/bclem213/Desktop/Health and Wellness/Life/Wedding/Best Man Challenge/Best Man Challenge/functions (101.93 KB) for uploading 
[debug] [2026-06-13T15:13:12.455Z] Checked if tokens are valid: true, expires at: 1781365693286
[debug] [2026-06-13T15:13:12.455Z] Checked if tokens are valid: true, expires at: 1781365693286
[debug] [2026-06-13T15:13:12.455Z] >>> [apiv2][query] GET https://cloudfunctions.googleapis.com/v1/projects/best-man-challenge/locations/-/functions [none]
[debug] [2026-06-13T15:13:12.974Z] <<< [apiv2][status] GET https://cloudfunctions.googleapis.com/v1/projects/best-man-challenge/locations/-/functions 200
[debug] [2026-06-13T15:13:12.974Z] <<< [apiv2][body] GET https://cloudfunctions.googleapis.com/v1/projects/best-man-challenge/locations/-/functions {}
[debug] [2026-06-13T15:13:12.975Z] Checked if tokens are valid: true, expires at: 1781365693286
[debug] [2026-06-13T15:13:12.975Z] Checked if tokens are valid: true, expires at: 1781365693286
[debug] [2026-06-13T15:13:12.975Z] >>> [apiv2][query] GET https://cloudfunctions.googleapis.com/v2/projects/best-man-challenge/locations/-/functions filter=environment%3D%22GEN_2%22
[debug] [2026-06-13T15:13:13.589Z] <<< [apiv2][status] GET https://cloudfunctions.googleapis.com/v2/projects/best-man-challenge/locations/-/functions 200
[debug] [2026-06-13T15:13:13.589Z] <<< [apiv2][body] GET https://cloudfunctions.googleapis.com/v2/projects/best-man-challenge/locations/-/functions {"functions":[{"name":"projects/best-man-challenge/locations/us-central1/functions/syncWeeklyChallengeActive","buildConfig":{"build":"projects/135750495924/locations/us-central1/builds/972de1f4-6a7e-4850-a63a-bddcfb037fa9","runtime":"nodejs24","entryPoint":"syncWeeklyChallengeActive","source":{"storageSource":{"bucket":"gcf-v2-sources-135750495924-us-central1","object":"syncWeeklyChallengeActive/function-source.zip","generation":"1781362948162028"}},"environmentVariables":{"GOOGLE_NODE_RUN_SCRIPTS":""},"dockerRepository":"projects/best-man-challenge/locations/us-central1/repositories/gcf-artifacts","sourceProvenance":{"resolvedStorageSource":{"bucket":"gcf-v2-sources-135750495924-us-central1","object":"syncWeeklyChallengeActive/function-source.zip","generation":"1781362948162028"}},"dockerRegistry":"ARTIFACT_REGISTRY","serviceAccount":"projects/best-man-challenge/serviceAccounts/135750495924-compute@developer.gserviceaccount.com","automaticUpdatePolicy":{}},"state":"FAILED","updateTime":"2026-06-13T15:03:11.449196368Z","labels":{"firebase-functions-hash":"f6d0865ebff79a00d0f92415e07cae51acd687e4","deployment-tool":"cli-firebase","deployment-scheduled":"true"},"stateMessages":[{"severity":"ERROR","type":"CloudRunServiceNotFound","message":"Cloud Run service projects/best-man-challenge/locations/us-central1/services/syncweeklychallengeactive for the function was not found. The function will not work correctly. Please redeploy."}],"environment":"GEN_2","url":"https://us-central1-best-man-challenge.cloudfunctions.net/syncWeeklyChallengeActive","createTime":"2026-06-13T15:02:28.541947511Z","satisfiesPzi":true}]}
[info] i  functions: ensuring required API cloudscheduler.googleapis.com is enabled... 
[info] i  functions: ensuring required API run.googleapis.com is enabled... 
[info] i  functions: ensuring required API eventarc.googleapis.com is enabled... 
[info] i  functions: ensuring required API pubsub.googleapis.com is enabled... 
[info] i  functions: ensuring required API storage.googleapis.com is enabled... 
[info] i  functions: generating the service identity for pubsub.googleapis.com... 
[debug] [2026-06-13T15:13:13.593Z] Checked if tokens are valid: true, expires at: 1781365693286
[debug] [2026-06-13T15:13:13.593Z] Checked if tokens are valid: true, expires at: 1781365693286
[info] i  functions: generating the service identity for eventarc.googleapis.com... 
[debug] [2026-06-13T15:13:13.593Z] Checked if tokens are valid: true, expires at: 1781365693286
[debug] [2026-06-13T15:13:13.593Z] Checked if tokens are valid: true, expires at: 1781365693286
[debug] [2026-06-13T15:13:13.593Z] >>> [apiv2][query] POST https://serviceusage.googleapis.com/v1beta1/projects/135750495924/services/pubsub.googleapis.com:generateServiceIdentity [none]
[debug] [2026-06-13T15:13:13.594Z] >>> [apiv2][(partial)header] POST https://serviceusage.googleapis.com/v1beta1/projects/135750495924/services/pubsub.googleapis.com:generateServiceIdentity  x-goog-user-project=135750495924
[debug] [2026-06-13T15:13:13.594Z] >>> [apiv2][body] POST https://serviceusage.googleapis.com/v1beta1/projects/135750495924/services/pubsub.googleapis.com:generateServiceIdentity {}
[debug] [2026-06-13T15:13:13.595Z] >>> [apiv2][query] POST https://serviceusage.googleapis.com/v1beta1/projects/135750495924/services/eventarc.googleapis.com:generateServiceIdentity [none]
[debug] [2026-06-13T15:13:13.595Z] >>> [apiv2][(partial)header] POST https://serviceusage.googleapis.com/v1beta1/projects/135750495924/services/eventarc.googleapis.com:generateServiceIdentity  x-goog-user-project=135750495924
[debug] [2026-06-13T15:13:13.595Z] >>> [apiv2][body] POST https://serviceusage.googleapis.com/v1beta1/projects/135750495924/services/eventarc.googleapis.com:generateServiceIdentity {}
[debug] [2026-06-13T15:13:14.130Z] <<< [apiv2][status] POST https://serviceusage.googleapis.com/v1beta1/projects/135750495924/services/eventarc.googleapis.com:generateServiceIdentity 200
[debug] [2026-06-13T15:13:14.130Z] <<< [apiv2][body] POST https://serviceusage.googleapis.com/v1beta1/projects/135750495924/services/eventarc.googleapis.com:generateServiceIdentity {"name":"operations/finished.DONE_OPERATION","done":true,"response":{"@type":"type.googleapis.com/google.api.serviceusage.v1beta1.ServiceIdentity","email":"service-135750495924@gcp-sa-eventarc.iam.gserviceaccount.com","uniqueId":"104979216506323776079"}}
[debug] [2026-06-13T15:13:14.251Z] <<< [apiv2][status] POST https://serviceusage.googleapis.com/v1beta1/projects/135750495924/services/pubsub.googleapis.com:generateServiceIdentity 200
[debug] [2026-06-13T15:13:14.252Z] <<< [apiv2][body] POST https://serviceusage.googleapis.com/v1beta1/projects/135750495924/services/pubsub.googleapis.com:generateServiceIdentity {"name":"operations/finished.DONE_OPERATION","done":true,"response":{"@type":"type.googleapis.com/google.api.serviceusage.v1beta1.ServiceIdentity","email":"service-135750495924@gcp-sa-pubsub.iam.gserviceaccount.com","uniqueId":"109911672735986576751"}}
[debug] [2026-06-13T15:13:14.254Z] Checked if tokens are valid: true, expires at: 1781365693286
[debug] [2026-06-13T15:13:14.254Z] Checked if tokens are valid: true, expires at: 1781365693286
[debug] [2026-06-13T15:13:14.255Z] >>> [apiv2][query] GET https://cloudresourcemanager.googleapis.com/v1/projects/best-man-challenge [none]
[debug] [2026-06-13T15:13:14.422Z] <<< [apiv2][status] GET https://cloudresourcemanager.googleapis.com/v1/projects/best-man-challenge 200
[debug] [2026-06-13T15:13:14.422Z] <<< [apiv2][body] GET https://cloudresourcemanager.googleapis.com/v1/projects/best-man-challenge {"projectNumber":"135750495924","projectId":"best-man-challenge","lifecycleState":"ACTIVE","name":"Best Man Challenge","labels":{"firebase":"enabled","firebase-core":"disabled"},"createTime":"2025-05-23T23:22:24.269714Z"}
[debug] [2026-06-13T15:13:14.423Z] Checked if tokens are valid: true, expires at: 1781365693286
[debug] [2026-06-13T15:13:14.423Z] Checked if tokens are valid: true, expires at: 1781365693286
[debug] [2026-06-13T15:13:14.423Z] >>> [apiv2][query] GET https://compute.googleapis.com/compute/v1/projects/135750495924 [none]
[debug] [2026-06-13T15:13:14.577Z] <<< [apiv2][status] GET https://compute.googleapis.com/compute/v1/projects/135750495924 403
[debug] [2026-06-13T15:13:14.577Z] <<< [apiv2][body] GET https://compute.googleapis.com/compute/v1/projects/135750495924 {"error":{"code":403,"message":"Compute Engine API has not been used in project 135750495924 before or it is disabled. Enable it by visiting https://console.developers.google.com/apis/api/compute.googleapis.com/overview?project=135750495924 then retry. If you enabled this API recently, wait a few minutes for the action to propagate to our systems and retry.","errors":[{"message":"Compute Engine API has not been used in project 135750495924 before or it is disabled. Enable it by visiting https://console.developers.google.com/apis/api/compute.googleapis.com/overview?project=135750495924 then retry. If you enabled this API recently, wait a few minutes for the action to propagate to our systems and retry.","domain":"usageLimits","reason":"accessNotConfigured","extendedHelp":"https://console.developers.google.com"}],"status":"PERMISSION_DENIED","details":[{"@type":"type.googleapis.com/google.rpc.ErrorInfo","reason":"SERVICE_DISABLED","domain":"googleapis.com","metadata":{"service":"compute.googleapis.com","containerInfo":"135750495924","serviceTitle":"Compute Engine API","activationUrl":"https://console.developers.google.com/apis/api/compute.googleapis.com/overview?project=135750495924","consumer":"projects/135750495924"}},{"@type":"type.googleapis.com/google.rpc.LocalizedMessage","locale":"en-US","message":"Compute Engine API has not been used in project 135750495924 before or it is disabled. Enable it by visiting https://console.developers.google.com/apis/api/compute.googleapis.com/overview?project=135750495924 then retry. If you enabled this API recently, wait a few minutes for the action to propagate to our systems and retry."},{"@type":"type.googleapis.com/google.rpc.Help","links":[{"description":"Google developers console API activation","url":"https://console.developers.google.com/apis/api/compute.googleapis.com/overview?project=135750495924"}]}]}}
[debug] [2026-06-13T15:13:14.578Z] unable to look up default compute service account. Falling back to 135750495924-compute@developer.gserviceaccount.com. Error: {"name":"FirebaseError","children":[],"context":{"body":{"error":{"code":403,"message":"Compute Engine API has not been used in project 135750495924 before or it is disabled. Enable it by visiting https://console.developers.google.com/apis/api/compute.googleapis.com/overview?project=135750495924 then retry. If you enabled this API recently, wait a few minutes for the action to propagate to our systems and retry.","errors":[{"message":"Compute Engine API has not been used in project 135750495924 before or it is disabled. Enable it by visiting https://console.developers.google.com/apis/api/compute.googleapis.com/overview?project=135750495924 then retry. If you enabled this API recently, wait a few minutes for the action to propagate to our systems and retry.","domain":"usageLimits","reason":"accessNotConfigured","extendedHelp":"https://console.developers.google.com"}],"status":"PERMISSION_DENIED","details":[{"@type":"type.googleapis.com/google.rpc.ErrorInfo","reason":"SERVICE_DISABLED","domain":"googleapis.com","metadata":{"service":"compute.googleapis.com","containerInfo":"135750495924","serviceTitle":"Compute Engine API","activationUrl":"https://console.developers.google.com/apis/api/compute.googleapis.com/overview?project=135750495924","consumer":"projects/135750495924"}},{"@type":"type.googleapis.com/google.rpc.LocalizedMessage","locale":"en-US","message":"Compute Engine API has not been used in project 135750495924 before or it is disabled. Enable it by visiting https://console.developers.google.com/apis/api/compute.googleapis.com/overview?project=135750495924 then retry. If you enabled this API recently, wait a few minutes for the action to propagate to our systems and retry."},{"@type":"type.googleapis.com/google.rpc.Help","links":[{"description":"Google developers console API activation","url":"https://console.developers.google.com/apis/api/compute.googleapis.com/overview?project=135750495924"}]}]}},"response":{"statusCode":403}},"exit":1,"message":"Request to https://compute.googleapis.com/compute/v1/projects/135750495924 had HTTP Error: 403, Compute Engine API has not been used in project 135750495924 before or it is disabled. Enable it by visiting https://console.developers.google.com/apis/api/compute.googleapis.com/overview?project=135750495924 then retry. If you enabled this API recently, wait a few minutes for the action to propagate to our systems and retry.","status":403}
[debug] [2026-06-13T15:13:14.578Z] Checked if tokens are valid: true, expires at: 1781365693286
[debug] [2026-06-13T15:13:14.578Z] Checked if tokens are valid: true, expires at: 1781365693286
[debug] [2026-06-13T15:13:14.578Z] >>> [apiv2][query] GET https://compute.googleapis.com/compute/v1/projects/135750495924 [none]
[debug] [2026-06-13T15:13:14.656Z] <<< [apiv2][status] GET https://compute.googleapis.com/compute/v1/projects/135750495924 403
[debug] [2026-06-13T15:13:14.657Z] <<< [apiv2][body] GET https://compute.googleapis.com/compute/v1/projects/135750495924 {"error":{"code":403,"message":"Compute Engine API has not been used in project 135750495924 before or it is disabled. Enable it by visiting https://console.developers.google.com/apis/api/compute.googleapis.com/overview?project=135750495924 then retry. If you enabled this API recently, wait a few minutes for the action to propagate to our systems and retry.","errors":[{"message":"Compute Engine API has not been used in project 135750495924 before or it is disabled. Enable it by visiting https://console.developers.google.com/apis/api/compute.googleapis.com/overview?project=135750495924 then retry. If you enabled this API recently, wait a few minutes for the action to propagate to our systems and retry.","domain":"usageLimits","reason":"accessNotConfigured","extendedHelp":"https://console.developers.google.com"}],"status":"PERMISSION_DENIED","details":[{"@type":"type.googleapis.com/google.rpc.ErrorInfo","reason":"SERVICE_DISABLED","domain":"googleapis.com","metadata":{"activationUrl":"https://console.developers.google.com/apis/api/compute.googleapis.com/overview?project=135750495924","service":"compute.googleapis.com","containerInfo":"135750495924","consumer":"projects/135750495924","serviceTitle":"Compute Engine API"}},{"@type":"type.googleapis.com/google.rpc.LocalizedMessage","locale":"en-US","message":"Compute Engine API has not been used in project 135750495924 before or it is disabled. Enable it by visiting https://console.developers.google.com/apis/api/compute.googleapis.com/overview?project=135750495924 then retry. If you enabled this API recently, wait a few minutes for the action to propagate to our systems and retry."},{"@type":"type.googleapis.com/google.rpc.Help","links":[{"description":"Google developers console API activation","url":"https://console.developers.google.com/apis/api/compute.googleapis.com/overview?project=135750495924"}]}]}}
[debug] [2026-06-13T15:13:14.657Z] unable to look up default compute service account. Falling back to 135750495924-compute@developer.gserviceaccount.com. Error: {"name":"FirebaseError","children":[],"context":{"body":{"error":{"code":403,"message":"Compute Engine API has not been used in project 135750495924 before or it is disabled. Enable it by visiting https://console.developers.google.com/apis/api/compute.googleapis.com/overview?project=135750495924 then retry. If you enabled this API recently, wait a few minutes for the action to propagate to our systems and retry.","errors":[{"message":"Compute Engine API has not been used in project 135750495924 before or it is disabled. Enable it by visiting https://console.developers.google.com/apis/api/compute.googleapis.com/overview?project=135750495924 then retry. If you enabled this API recently, wait a few minutes for the action to propagate to our systems and retry.","domain":"usageLimits","reason":"accessNotConfigured","extendedHelp":"https://console.developers.google.com"}],"status":"PERMISSION_DENIED","details":[{"@type":"type.googleapis.com/google.rpc.ErrorInfo","reason":"SERVICE_DISABLED","domain":"googleapis.com","metadata":{"activationUrl":"https://console.developers.google.com/apis/api/compute.googleapis.com/overview?project=135750495924","service":"compute.googleapis.com","containerInfo":"135750495924","consumer":"projects/135750495924","serviceTitle":"Compute Engine API"}},{"@type":"type.googleapis.com/google.rpc.LocalizedMessage","locale":"en-US","message":"Compute Engine API has not been used in project 135750495924 before or it is disabled. Enable it by visiting https://console.developers.google.com/apis/api/compute.googleapis.com/overview?project=135750495924 then retry. If you enabled this API recently, wait a few minutes for the action to propagate to our systems and retry."},{"@type":"type.googleapis.com/google.rpc.Help","links":[{"description":"Google developers console API activation","url":"https://console.developers.google.com/apis/api/compute.googleapis.com/overview?project=135750495924"}]}]}},"response":{"statusCode":403}},"exit":1,"message":"Request to https://compute.googleapis.com/compute/v1/projects/135750495924 had HTTP Error: 403, Compute Engine API has not been used in project 135750495924 before or it is disabled. Enable it by visiting https://console.developers.google.com/apis/api/compute.googleapis.com/overview?project=135750495924 then retry. If you enabled this API recently, wait a few minutes for the action to propagate to our systems and retry.","status":403}
[debug] [2026-06-13T15:13:14.658Z] Checked if tokens are valid: true, expires at: 1781365693286
[debug] [2026-06-13T15:13:14.658Z] Checked if tokens are valid: true, expires at: 1781365693286
[debug] [2026-06-13T15:13:14.659Z] >>> [apiv2][query] GET https://cloudbilling.googleapis.com/v1/projects/best-man-challenge/billingInfo [none]
[debug] [2026-06-13T15:13:14.841Z] <<< [apiv2][status] GET https://cloudbilling.googleapis.com/v1/projects/best-man-challenge/billingInfo 200
[debug] [2026-06-13T15:13:14.842Z] <<< [apiv2][body] GET https://cloudbilling.googleapis.com/v1/projects/best-man-challenge/billingInfo {"name":"projects/best-man-challenge/billingInfo","projectId":"best-man-challenge","billingAccountName":"billingAccounts/019CC9-DE5192-1BF39F","billingEnabled":true}
[debug] [2026-06-13T15:13:14.844Z] Checked if tokens are valid: true, expires at: 1781365693286
[debug] [2026-06-13T15:13:14.844Z] Checked if tokens are valid: true, expires at: 1781365693286
[debug] [2026-06-13T15:13:14.845Z] >>> [apiv2][query] POST https://cloudfunctions.googleapis.com/v2/projects/best-man-challenge/locations/us-central1/functions:generateUploadUrl [none]
[debug] [2026-06-13T15:13:15.246Z] <<< [apiv2][status] POST https://cloudfunctions.googleapis.com/v2/projects/best-man-challenge/locations/us-central1/functions:generateUploadUrl 200
[debug] [2026-06-13T15:13:15.247Z] <<< [apiv2][body] POST https://cloudfunctions.googleapis.com/v2/projects/best-man-challenge/locations/us-central1/functions:generateUploadUrl {"uploadUrl":"https://storage.googleapis.com/gcf-v2-uploads-135750495924.us-central1.cloudfunctions.appspot.com/211658a2-187d-40a4-91f4-ceb39c279c76.zip?GoogleAccessId=service-135750495924@gcf-admin-robot.iam.gserviceaccount.com&Expires=1781365395&Signature=Z%2FDmak2wT9ZrmUCUgzUxeGDbJGUx7uBDqZ%2Fx1FVvm5QNrJ4QH3B7U%2Bobk65BK%2BHY5VTKH2Su7%2B5TtZvvlNAfLnBs0X5%2BLC785TvO1Xi0cJq5rRq6vnev2pGK%2FDrm%2FHkicTUwquiTnYYEGsWApwS0bHPDKgY6Me2zSkqOmZIjiXQ5MIP2X2JsnRY%2FYDr4FF75p1vR4cALlwxyTMMuZvzdhZ1V690Spy6mekY9XbPOWaQunHt%2BZR3%2FL6W2vIWkNsSF1VHu%2FodLzQpJ2wVdzpbiOy%2B37CKWheMGhQvHfgVGzW7fGAhk3cI6EzXpWu6%2BzDcn6S4%2Bemh%2BiRFMSQCe3gYTFw%3D%3D","storageSource":{"bucket":"gcf-v2-uploads-135750495924.us-central1.cloudfunctions.appspot.com","object":"211658a2-187d-40a4-91f4-ceb39c279c76.zip"}}
[debug] [2026-06-13T15:13:15.248Z] >>> [apiv2][query] PUT https://storage.googleapis.com/gcf-v2-uploads-135750495924.us-central1.cloudfunctions.appspot.com/211658a2-187d-40a4-91f4-ceb39c279c76.zip GoogleAccessId=service-135750495924%40gcf-admin-robot.iam.gserviceaccount.com&Expires=1781365395&Signature=Z%2FDmak2wT9ZrmUCUgzUxeGDbJGUx7uBDqZ%2Fx1FVvm5QNrJ4QH3B7U%2Bobk65BK%2BHY5VTKH2Su7%2B5TtZvvlNAfLnBs0X5%2BLC785TvO1Xi0cJq5rRq6vnev2pGK%2FDrm%2FHkicTUwquiTnYYEGsWApwS0bHPDKgY6Me2zSkqOmZIjiXQ5MIP2X2JsnRY%2FYDr4FF75p1vR4cALlwxyTMMuZvzdhZ1V690Spy6mekY9XbPOWaQunHt%2BZR3%2FL6W2vIWkNsSF1VHu%2FodLzQpJ2wVdzpbiOy%2B37CKWheMGhQvHfgVGzW7fGAhk3cI6EzXpWu6%2BzDcn6S4%2Bemh%2BiRFMSQCe3gYTFw%3D%3D
[debug] [2026-06-13T15:13:15.248Z] >>> [apiv2][body] PUT https://storage.googleapis.com/gcf-v2-uploads-135750495924.us-central1.cloudfunctions.appspot.com/211658a2-187d-40a4-91f4-ceb39c279c76.zip [stream]
[debug] [2026-06-13T15:13:15.554Z] <<< [apiv2][status] PUT https://storage.googleapis.com/gcf-v2-uploads-135750495924.us-central1.cloudfunctions.appspot.com/211658a2-187d-40a4-91f4-ceb39c279c76.zip 200
[debug] [2026-06-13T15:13:15.554Z] <<< [apiv2][body] PUT https://storage.googleapis.com/gcf-v2-uploads-135750495924.us-central1.cloudfunctions.appspot.com/211658a2-187d-40a4-91f4-ceb39c279c76.zip [omitted]
[info] ✔  functions: functions source uploaded successfully 
[info] i  functions: updating Node.js 24 (2nd Gen) function syncWeeklyChallengeActive(us-central1)... 
[debug] [2026-06-13T15:13:15.559Z] Checked if tokens are valid: true, expires at: 1781365693286
[debug] [2026-06-13T15:13:15.559Z] Checked if tokens are valid: true, expires at: 1781365693286
[debug] [2026-06-13T15:13:15.560Z] >>> [apiv2][query] PATCH https://cloudfunctions.googleapis.com/v2/projects/best-man-challenge/locations/us-central1/functions/syncWeeklyChallengeActive updateMask=name%2CbuildConfig.runtime%2CbuildConfig.entryPoint%2CbuildConfig.source.storageSource.bucket%2CbuildConfig.source.storageSource.object%2CbuildConfig.environmentVariables%2CbuildConfig.sourceToken%2CserviceConfig.environmentVariables%2CserviceConfig.ingressSettings%2CserviceConfig.timeoutSeconds%2CserviceConfig.serviceAccountEmail%2CserviceConfig.availableMemory%2CserviceConfig.minInstanceCount%2CserviceConfig.maxInstanceCount%2CserviceConfig.maxInstanceRequestConcurrency%2CserviceConfig.availableCpu%2CserviceConfig.vpcConnector%2CserviceConfig.vpcConnectorEgressSettings%2Clabels
[debug] [2026-06-13T15:13:15.560Z] >>> [apiv2][body] PATCH https://cloudfunctions.googleapis.com/v2/projects/best-man-challenge/locations/us-central1/functions/syncWeeklyChallengeActive {"name":"projects/best-man-challenge/locations/us-central1/functions/syncWeeklyChallengeActive","buildConfig":{"runtime":"nodejs24","entryPoint":"syncWeeklyChallengeActive","source":{"storageSource":{"bucket":"gcf-v2-uploads-135750495924.us-central1.cloudfunctions.appspot.com","object":"211658a2-187d-40a4-91f4-ceb39c279c76.zip"}},"environmentVariables":{"GOOGLE_NODE_RUN_SCRIPTS":""}},"serviceConfig":{"environmentVariables":{"FIREBASE_CONFIG":"{\"projectId\":\"best-man-challenge\",\"storageBucket\":\"best-man-challenge.firebasestorage.app\"}","GCLOUD_PROJECT":"best-man-challenge","EVENTARC_CLOUD_EVENT_SOURCE":"projects/best-man-challenge/locations/us-central1/services/syncWeeklyChallengeActive","FUNCTION_TARGET":"syncWeeklyChallengeActive","LOG_EXECUTION_ID":"true"},"ingressSettings":null,"timeoutSeconds":null,"serviceAccountEmail":null,"availableMemory":"256Mi","minInstanceCount":null,"maxInstanceCount":null,"maxInstanceRequestConcurrency":80,"availableCpu":"1","vpcConnector":null,"vpcConnectorEgressSettings":null},"labels":{"deployment-tool":"cli-firebase","deployment-scheduled":"true","firebase-functions-hash":"f6d0865ebff79a00d0f92415e07cae51acd687e4"}}
[debug] [2026-06-13T15:13:16.516Z] <<< [apiv2][status] PATCH https://cloudfunctions.googleapis.com/v2/projects/best-man-challenge/locations/us-central1/functions/syncWeeklyChallengeActive 200
[debug] [2026-06-13T15:13:16.516Z] <<< [apiv2][body] PATCH https://cloudfunctions.googleapis.com/v2/projects/best-man-challenge/locations/us-central1/functions/syncWeeklyChallengeActive {"name":"projects/best-man-challenge/locations/us-central1/operations/operation-1781363595646-65424085596f0-a827d786-636b2da8","metadata":{"@type":"type.googleapis.com/google.cloud.functions.v2.OperationMetadata","createTime":"2026-06-13T15:13:16.424061738Z","target":"projects/best-man-challenge/locations/us-central1/functions/syncWeeklyChallengeActive","verb":"update","cancelRequested":false,"apiVersion":"v2"},"done":false}
[debug] [2026-06-13T15:13:16.517Z] Checked if tokens are valid: true, expires at: 1781365693286
[debug] [2026-06-13T15:13:16.518Z] Checked if tokens are valid: true, expires at: 1781365693286
[debug] [2026-06-13T15:13:16.518Z] >>> [apiv2][query] GET https://cloudfunctions.googleapis.com/v2/projects/best-man-challenge/locations/us-central1/operations/operation-1781363595646-65424085596f0-a827d786-636b2da8 [none]
[debug] [2026-06-13T15:13:16.642Z] <<< [apiv2][status] GET https://cloudfunctions.googleapis.com/v2/projects/best-man-challenge/locations/us-central1/operations/operation-1781363595646-65424085596f0-a827d786-636b2da8 200
[debug] [2026-06-13T15:13:16.643Z] <<< [apiv2][body] GET https://cloudfunctions.googleapis.com/v2/projects/best-man-challenge/locations/us-central1/operations/operation-1781363595646-65424085596f0-a827d786-636b2da8 {"name":"projects/best-man-challenge/locations/us-central1/operations/operation-1781363595646-65424085596f0-a827d786-636b2da8","metadata":{"@type":"type.googleapis.com/google.cloud.functions.v2.OperationMetadata","createTime":"2026-06-13T15:13:16.424061738Z","target":"projects/best-man-challenge/locations/us-central1/functions/syncWeeklyChallengeActive","verb":"update","cancelRequested":false,"apiVersion":"v2","requestResource":{"@type":"type.googleapis.com/google.cloud.functions.v2.Function","name":"projects/best-man-challenge/locations/us-central1/functions/syncWeeklyChallengeActive","buildConfig":{"runtime":"nodejs24","entryPoint":"syncWeeklyChallengeActive","source":{"storageSource":{"bucket":"gcf-v2-sources-135750495924-us-central1","object":"syncWeeklyChallengeActive/function-source.zip","generation":"1781363596377016"}},"environmentVariables":{"GOOGLE_NODE_RUN_SCRIPTS":""},"dockerRepository":"projects/best-man-challenge/locations/us-central1/repositories/gcf-artifacts","sourceProvenance":{"resolvedStorageSource":{"bucket":"gcf-v2-sources-135750495924-us-central1","object":"syncWeeklyChallengeActive/function-source.zip","generation":"1781362948162028"}},"dockerRegistry":"ARTIFACT_REGISTRY","serviceAccount":"projects/best-man-challenge/serviceAccounts/135750495924-compute@developer.gserviceaccount.com","automaticUpdatePolicy":{}},"serviceConfig":{"service":"projects/best-man-challenge/locations/us-central1/services/syncweeklychallengeactive","timeoutSeconds":60,"environmentVariables":{"FIREBASE_CONFIG":"{\"projectId\":\"best-man-challenge\",\"storageBucket\":\"best-man-challenge.firebasestorage.app\"}","GCLOUD_PROJECT":"best-man-challenge","EVENTARC_CLOUD_EVENT_SOURCE":"projects/best-man-challenge/locations/us-central1/services/syncWeeklyChallengeActive","FUNCTION_TARGET":"syncWeeklyChallengeActive","LOG_EXECUTION_ID":"true"},"ingressSettings":"ALLOW_ALL","serviceAccountEmail":"135750495924-compute@developer.gserviceaccount.com","availableMemory":"256Mi","maxInstanceRequestConcurrency":80,"availableCpu":"1"},"state":"FAILED","labels":{"deployment-scheduled":"true","firebase-functions-hash":"f6d0865ebff79a00d0f92415e07cae51acd687e4"},"stateMessages":[{"severity":"ERROR","type":"CloudRunServiceNotFound","message":"Cloud Run service projects/best-man-challenge/locations/us-central1/services/syncweeklychallengeactive for the function was not found. The function will not work correctly. Please redeploy."}],"environment":"GEN_2","url":"https://us-central1-best-man-challenge.cloudfunctions.net/syncWeeklyChallengeActive","satisfiesPzi":true},"stages":[{"name":"BUILD","state":"NOT_STARTED"},{"name":"SERVICE","state":"NOT_STARTED"}],"operationType":"UPDATE_FUNCTION"},"done":false}
[debug] [2026-06-13T15:13:17.144Z] [update-default-us-central1-syncWeeklyChallengeActive] Retrying task index 0
[debug] [2026-06-13T15:13:17.144Z] Checked if tokens are valid: true, expires at: 1781365693286
[debug] [2026-06-13T15:13:17.144Z] Checked if tokens are valid: true, expires at: 1781365693286
[debug] [2026-06-13T15:13:17.144Z] >>> [apiv2][query] GET https://cloudfunctions.googleapis.com/v2/projects/best-man-challenge/locations/us-central1/operations/operation-1781363595646-65424085596f0-a827d786-636b2da8 [none]
[debug] [2026-06-13T15:13:17.240Z] <<< [apiv2][status] GET https://cloudfunctions.googleapis.com/v2/projects/best-man-challenge/locations/us-central1/operations/operation-1781363595646-65424085596f0-a827d786-636b2da8 200
[debug] [2026-06-13T15:13:17.240Z] <<< [apiv2][body] GET https://cloudfunctions.googleapis.com/v2/projects/best-man-challenge/locations/us-central1/operations/operation-1781363595646-65424085596f0-a827d786-636b2da8 {"name":"projects/best-man-challenge/locations/us-central1/operations/operation-1781363595646-65424085596f0-a827d786-636b2da8","metadata":{"@type":"type.googleapis.com/google.cloud.functions.v2.OperationMetadata","createTime":"2026-06-13T15:13:16.424061738Z","target":"projects/best-man-challenge/locations/us-central1/functions/syncWeeklyChallengeActive","verb":"update","cancelRequested":false,"apiVersion":"v2","requestResource":{"@type":"type.googleapis.com/google.cloud.functions.v2.Function","name":"projects/best-man-challenge/locations/us-central1/functions/syncWeeklyChallengeActive","buildConfig":{"runtime":"nodejs24","entryPoint":"syncWeeklyChallengeActive","source":{"storageSource":{"bucket":"gcf-v2-sources-135750495924-us-central1","object":"syncWeeklyChallengeActive/function-source.zip","generation":"1781363596377016"}},"environmentVariables":{"GOOGLE_NODE_RUN_SCRIPTS":""},"dockerRepository":"projects/best-man-challenge/locations/us-central1/repositories/gcf-artifacts","sourceProvenance":{"resolvedStorageSource":{"bucket":"gcf-v2-sources-135750495924-us-central1","object":"syncWeeklyChallengeActive/function-source.zip","generation":"1781362948162028"}},"dockerRegistry":"ARTIFACT_REGISTRY","serviceAccount":"projects/best-man-challenge/serviceAccounts/135750495924-compute@developer.gserviceaccount.com","automaticUpdatePolicy":{}},"serviceConfig":{"service":"projects/best-man-challenge/locations/us-central1/services/syncweeklychallengeactive","timeoutSeconds":60,"environmentVariables":{"FIREBASE_CONFIG":"{\"projectId\":\"best-man-challenge\",\"storageBucket\":\"best-man-challenge.firebasestorage.app\"}","GCLOUD_PROJECT":"best-man-challenge","EVENTARC_CLOUD_EVENT_SOURCE":"projects/best-man-challenge/locations/us-central1/services/syncWeeklyChallengeActive","FUNCTION_TARGET":"syncWeeklyChallengeActive","LOG_EXECUTION_ID":"true"},"ingressSettings":"ALLOW_ALL","serviceAccountEmail":"135750495924-compute@developer.gserviceaccount.com","availableMemory":"256Mi","maxInstanceRequestConcurrency":80,"availableCpu":"1"},"state":"FAILED","labels":{"deployment-scheduled":"true","firebase-functions-hash":"f6d0865ebff79a00d0f92415e07cae51acd687e4"},"stateMessages":[{"severity":"ERROR","type":"CloudRunServiceNotFound","message":"Cloud Run service projects/best-man-challenge/locations/us-central1/services/syncweeklychallengeactive for the function was not found. The function will not work correctly. Please redeploy."}],"environment":"GEN_2","url":"https://us-central1-best-man-challenge.cloudfunctions.net/syncWeeklyChallengeActive","satisfiesPzi":true},"stages":[{"name":"BUILD","state":"NOT_STARTED"},{"name":"SERVICE","state":"NOT_STARTED"}],"operationType":"UPDATE_FUNCTION"},"done":false}
[debug] [2026-06-13T15:13:18.242Z] [update-default-us-central1-syncWeeklyChallengeActive] Retrying task index 0
[debug] [2026-06-13T15:13:18.243Z] Checked if tokens are valid: true, expires at: 1781365693286
[debug] [2026-06-13T15:13:18.243Z] Checked if tokens are valid: true, expires at: 1781365693286
[debug] [2026-06-13T15:13:18.243Z] >>> [apiv2][query] GET https://cloudfunctions.googleapis.com/v2/projects/best-man-challenge/locations/us-central1/operations/operation-1781363595646-65424085596f0-a827d786-636b2da8 [none]
[debug] [2026-06-13T15:13:18.359Z] <<< [apiv2][status] GET https://cloudfunctions.googleapis.com/v2/projects/best-man-challenge/locations/us-central1/operations/operation-1781363595646-65424085596f0-a827d786-636b2da8 200
[debug] [2026-06-13T15:13:18.359Z] <<< [apiv2][body] GET https://cloudfunctions.googleapis.com/v2/projects/best-man-challenge/locations/us-central1/operations/operation-1781363595646-65424085596f0-a827d786-636b2da8 {"name":"projects/best-man-challenge/locations/us-central1/operations/operation-1781363595646-65424085596f0-a827d786-636b2da8","metadata":{"@type":"type.googleapis.com/google.cloud.functions.v2.OperationMetadata","createTime":"2026-06-13T15:13:16.424061738Z","target":"projects/best-man-challenge/locations/us-central1/functions/syncWeeklyChallengeActive","verb":"update","cancelRequested":false,"apiVersion":"v2","requestResource":{"@type":"type.googleapis.com/google.cloud.functions.v2.Function","name":"projects/best-man-challenge/locations/us-central1/functions/syncWeeklyChallengeActive","buildConfig":{"runtime":"nodejs24","entryPoint":"syncWeeklyChallengeActive","source":{"storageSource":{"bucket":"gcf-v2-sources-135750495924-us-central1","object":"syncWeeklyChallengeActive/function-source.zip","generation":"1781363596377016"}},"environmentVariables":{"GOOGLE_NODE_RUN_SCRIPTS":""},"dockerRepository":"projects/best-man-challenge/locations/us-central1/repositories/gcf-artifacts","sourceProvenance":{"resolvedStorageSource":{"bucket":"gcf-v2-sources-135750495924-us-central1","object":"syncWeeklyChallengeActive/function-source.zip","generation":"1781362948162028"}},"dockerRegistry":"ARTIFACT_REGISTRY","serviceAccount":"projects/best-man-challenge/serviceAccounts/135750495924-compute@developer.gserviceaccount.com","automaticUpdatePolicy":{}},"serviceConfig":{"service":"projects/best-man-challenge/locations/us-central1/services/syncweeklychallengeactive","timeoutSeconds":60,"environmentVariables":{"FIREBASE_CONFIG":"{\"projectId\":\"best-man-challenge\",\"storageBucket\":\"best-man-challenge.firebasestorage.app\"}","GCLOUD_PROJECT":"best-man-challenge","EVENTARC_CLOUD_EVENT_SOURCE":"projects/best-man-challenge/locations/us-central1/services/syncWeeklyChallengeActive","FUNCTION_TARGET":"syncWeeklyChallengeActive","LOG_EXECUTION_ID":"true"},"ingressSettings":"ALLOW_ALL","serviceAccountEmail":"135750495924-compute@developer.gserviceaccount.com","availableMemory":"256Mi","maxInstanceRequestConcurrency":80,"availableCpu":"1"},"state":"FAILED","labels":{"deployment-scheduled":"true","firebase-functions-hash":"f6d0865ebff79a00d0f92415e07cae51acd687e4"},"stateMessages":[{"severity":"ERROR","type":"CloudRunServiceNotFound","message":"Cloud Run service projects/best-man-challenge/locations/us-central1/services/syncweeklychallengeactive for the function was not found. The function will not work correctly. Please redeploy."}],"environment":"GEN_2","url":"https://us-central1-best-man-challenge.cloudfunctions.net/syncWeeklyChallengeActive","satisfiesPzi":true},"stages":[{"name":"BUILD","message":"Build in progress","state":"IN_PROGRESS","resource":"projects/135750495924/locations/us-central1/builds/724ad73d-732e-4843-8123-0cf21c2984cc","resourceUri":"https://console.cloud.google.com/cloud-build/builds;region=us-central1/724ad73d-732e-4843-8123-0cf21c2984cc?project=135750495924"},{"name":"SERVICE","state":"NOT_STARTED"}],"operationType":"UPDATE_FUNCTION","buildName":"projects/135750495924/locations/us-central1/builds/724ad73d-732e-4843-8123-0cf21c2984cc"},"done":false}
[debug] [2026-06-13T15:13:20.361Z] [update-default-us-central1-syncWeeklyChallengeActive] Retrying task index 0
[debug] [2026-06-13T15:13:20.362Z] Checked if tokens are valid: true, expires at: 1781365693286
[debug] [2026-06-13T15:13:20.362Z] Checked if tokens are valid: true, expires at: 1781365693286
[debug] [2026-06-13T15:13:20.362Z] >>> [apiv2][query] GET https://cloudfunctions.googleapis.com/v2/projects/best-man-challenge/locations/us-central1/operations/operation-1781363595646-65424085596f0-a827d786-636b2da8 [none]
[debug] [2026-06-13T15:13:20.715Z] <<< [apiv2][status] GET https://cloudfunctions.googleapis.com/v2/projects/best-man-challenge/locations/us-central1/operations/operation-1781363595646-65424085596f0-a827d786-636b2da8 200
[debug] [2026-06-13T15:13:20.715Z] <<< [apiv2][body] GET https://cloudfunctions.googleapis.com/v2/projects/best-man-challenge/locations/us-central1/operations/operation-1781363595646-65424085596f0-a827d786-636b2da8 {"name":"projects/best-man-challenge/locations/us-central1/operations/operation-1781363595646-65424085596f0-a827d786-636b2da8","metadata":{"@type":"type.googleapis.com/google.cloud.functions.v2.OperationMetadata","createTime":"2026-06-13T15:13:16.424061738Z","target":"projects/best-man-challenge/locations/us-central1/functions/syncWeeklyChallengeActive","verb":"update","cancelRequested":false,"apiVersion":"v2","requestResource":{"@type":"type.googleapis.com/google.cloud.functions.v2.Function","name":"projects/best-man-challenge/locations/us-central1/functions/syncWeeklyChallengeActive","buildConfig":{"runtime":"nodejs24","entryPoint":"syncWeeklyChallengeActive","source":{"storageSource":{"bucket":"gcf-v2-sources-135750495924-us-central1","object":"syncWeeklyChallengeActive/function-source.zip","generation":"1781363596377016"}},"environmentVariables":{"GOOGLE_NODE_RUN_SCRIPTS":""},"dockerRepository":"projects/best-man-challenge/locations/us-central1/repositories/gcf-artifacts","sourceProvenance":{"resolvedStorageSource":{"bucket":"gcf-v2-sources-135750495924-us-central1","object":"syncWeeklyChallengeActive/function-source.zip","generation":"1781362948162028"}},"dockerRegistry":"ARTIFACT_REGISTRY","serviceAccount":"projects/best-man-challenge/serviceAccounts/135750495924-compute@developer.gserviceaccount.com","automaticUpdatePolicy":{}},"serviceConfig":{"service":"projects/best-man-challenge/locations/us-central1/services/syncweeklychallengeactive","timeoutSeconds":60,"environmentVariables":{"FIREBASE_CONFIG":"{\"projectId\":\"best-man-challenge\",\"storageBucket\":\"best-man-challenge.firebasestorage.app\"}","GCLOUD_PROJECT":"best-man-challenge","EVENTARC_CLOUD_EVENT_SOURCE":"projects/best-man-challenge/locations/us-central1/services/syncWeeklyChallengeActive","FUNCTION_TARGET":"syncWeeklyChallengeActive","LOG_EXECUTION_ID":"true"},"ingressSettings":"ALLOW_ALL","serviceAccountEmail":"135750495924-compute@developer.gserviceaccount.com","availableMemory":"256Mi","maxInstanceRequestConcurrency":80,"availableCpu":"1"},"state":"FAILED","labels":{"deployment-scheduled":"true","firebase-functions-hash":"f6d0865ebff79a00d0f92415e07cae51acd687e4"},"stateMessages":[{"severity":"ERROR","type":"CloudRunServiceNotFound","message":"Cloud Run service projects/best-man-challenge/locations/us-central1/services/syncweeklychallengeactive for the function was not found. The function will not work correctly. Please redeploy."}],"environment":"GEN_2","url":"https://us-central1-best-man-challenge.cloudfunctions.net/syncWeeklyChallengeActive","satisfiesPzi":true},"stages":[{"name":"BUILD","message":"Build in progress","state":"IN_PROGRESS","resource":"projects/135750495924/locations/us-central1/builds/724ad73d-732e-4843-8123-0cf21c2984cc","resourceUri":"https://console.cloud.google.com/cloud-build/builds;region=us-central1/724ad73d-732e-4843-8123-0cf21c2984cc?project=135750495924"},{"name":"SERVICE","state":"NOT_STARTED"}],"operationType":"UPDATE_FUNCTION","buildName":"projects/135750495924/locations/us-central1/builds/724ad73d-732e-4843-8123-0cf21c2984cc"},"done":false}
[debug] [2026-06-13T15:13:24.716Z] [update-default-us-central1-syncWeeklyChallengeActive] Retrying task index 0
[debug] [2026-06-13T15:13:24.717Z] Checked if tokens are valid: true, expires at: 1781365693286
[debug] [2026-06-13T15:13:24.717Z] Checked if tokens are valid: true, expires at: 1781365693286
[debug] [2026-06-13T15:13:24.717Z] >>> [apiv2][query] GET https://cloudfunctions.googleapis.com/v2/projects/best-man-challenge/locations/us-central1/operations/operation-1781363595646-65424085596f0-a827d786-636b2da8 [none]
[debug] [2026-06-13T15:13:25.074Z] <<< [apiv2][status] GET https://cloudfunctions.googleapis.com/v2/projects/best-man-challenge/locations/us-central1/operations/operation-1781363595646-65424085596f0-a827d786-636b2da8 200
[debug] [2026-06-13T15:13:25.074Z] <<< [apiv2][body] GET https://cloudfunctions.googleapis.com/v2/projects/best-man-challenge/locations/us-central1/operations/operation-1781363595646-65424085596f0-a827d786-636b2da8 {"name":"projects/best-man-challenge/locations/us-central1/operations/operation-1781363595646-65424085596f0-a827d786-636b2da8","metadata":{"@type":"type.googleapis.com/google.cloud.functions.v2.OperationMetadata","createTime":"2026-06-13T15:13:16.424061738Z","target":"projects/best-man-challenge/locations/us-central1/functions/syncWeeklyChallengeActive","verb":"update","cancelRequested":false,"apiVersion":"v2","requestResource":{"@type":"type.googleapis.com/google.cloud.functions.v2.Function","name":"projects/best-man-challenge/locations/us-central1/functions/syncWeeklyChallengeActive","buildConfig":{"runtime":"nodejs24","entryPoint":"syncWeeklyChallengeActive","source":{"storageSource":{"bucket":"gcf-v2-sources-135750495924-us-central1","object":"syncWeeklyChallengeActive/function-source.zip","generation":"1781363596377016"}},"environmentVariables":{"GOOGLE_NODE_RUN_SCRIPTS":""},"dockerRepository":"projects/best-man-challenge/locations/us-central1/repositories/gcf-artifacts","sourceProvenance":{"resolvedStorageSource":{"bucket":"gcf-v2-sources-135750495924-us-central1","object":"syncWeeklyChallengeActive/function-source.zip","generation":"1781362948162028"}},"dockerRegistry":"ARTIFACT_REGISTRY","serviceAccount":"projects/best-man-challenge/serviceAccounts/135750495924-compute@developer.gserviceaccount.com","automaticUpdatePolicy":{}},"serviceConfig":{"service":"projects/best-man-challenge/locations/us-central1/services/syncweeklychallengeactive","timeoutSeconds":60,"environmentVariables":{"FIREBASE_CONFIG":"{\"projectId\":\"best-man-challenge\",\"storageBucket\":\"best-man-challenge.firebasestorage.app\"}","GCLOUD_PROJECT":"best-man-challenge","EVENTARC_CLOUD_EVENT_SOURCE":"projects/best-man-challenge/locations/us-central1/services/syncWeeklyChallengeActive","FUNCTION_TARGET":"syncWeeklyChallengeActive","LOG_EXECUTION_ID":"true"},"ingressSettings":"ALLOW_ALL","serviceAccountEmail":"135750495924-compute@developer.gserviceaccount.com","availableMemory":"256Mi","maxInstanceRequestConcurrency":80,"availableCpu":"1"},"state":"FAILED","labels":{"deployment-scheduled":"true","firebase-functions-hash":"f6d0865ebff79a00d0f92415e07cae51acd687e4"},"stateMessages":[{"severity":"ERROR","type":"CloudRunServiceNotFound","message":"Cloud Run service projects/best-man-challenge/locations/us-central1/services/syncweeklychallengeactive for the function was not found. The function will not work correctly. Please redeploy."}],"environment":"GEN_2","url":"https://us-central1-best-man-challenge.cloudfunctions.net/syncWeeklyChallengeActive","satisfiesPzi":true},"stages":[{"name":"BUILD","message":"Build in progress","state":"IN_PROGRESS","resource":"projects/135750495924/locations/us-central1/builds/724ad73d-732e-4843-8123-0cf21c2984cc","resourceUri":"https://console.cloud.google.com/cloud-build/builds;region=us-central1/724ad73d-732e-4843-8123-0cf21c2984cc?project=135750495924"},{"name":"SERVICE","state":"NOT_STARTED"}],"operationType":"UPDATE_FUNCTION","buildName":"projects/135750495924/locations/us-central1/builds/724ad73d-732e-4843-8123-0cf21c2984cc"},"done":false}
[debug] [2026-06-13T15:13:33.076Z] [update-default-us-central1-syncWeeklyChallengeActive] Retrying task index 0
[debug] [2026-06-13T15:13:33.077Z] Checked if tokens are valid: true, expires at: 1781365693286
[debug] [2026-06-13T15:13:33.077Z] Checked if tokens are valid: true, expires at: 1781365693286
[debug] [2026-06-13T15:13:33.077Z] >>> [apiv2][query] GET https://cloudfunctions.googleapis.com/v2/projects/best-man-challenge/locations/us-central1/operations/operation-1781363595646-65424085596f0-a827d786-636b2da8 [none]
[debug] [2026-06-13T15:13:33.476Z] <<< [apiv2][status] GET https://cloudfunctions.googleapis.com/v2/projects/best-man-challenge/locations/us-central1/operations/operation-1781363595646-65424085596f0-a827d786-636b2da8 200
[debug] [2026-06-13T15:13:33.476Z] <<< [apiv2][body] GET https://cloudfunctions.googleapis.com/v2/projects/best-man-challenge/locations/us-central1/operations/operation-1781363595646-65424085596f0-a827d786-636b2da8 {"name":"projects/best-man-challenge/locations/us-central1/operations/operation-1781363595646-65424085596f0-a827d786-636b2da8","metadata":{"@type":"type.googleapis.com/google.cloud.functions.v2.OperationMetadata","createTime":"2026-06-13T15:13:16.424061738Z","target":"projects/best-man-challenge/locations/us-central1/functions/syncWeeklyChallengeActive","verb":"update","cancelRequested":false,"apiVersion":"v2","requestResource":{"@type":"type.googleapis.com/google.cloud.functions.v2.Function","name":"projects/best-man-challenge/locations/us-central1/functions/syncWeeklyChallengeActive","buildConfig":{"runtime":"nodejs24","entryPoint":"syncWeeklyChallengeActive","source":{"storageSource":{"bucket":"gcf-v2-sources-135750495924-us-central1","object":"syncWeeklyChallengeActive/function-source.zip","generation":"1781363596377016"}},"environmentVariables":{"GOOGLE_NODE_RUN_SCRIPTS":""},"dockerRepository":"projects/best-man-challenge/locations/us-central1/repositories/gcf-artifacts","sourceProvenance":{"resolvedStorageSource":{"bucket":"gcf-v2-sources-135750495924-us-central1","object":"syncWeeklyChallengeActive/function-source.zip","generation":"1781362948162028"}},"dockerRegistry":"ARTIFACT_REGISTRY","serviceAccount":"projects/best-man-challenge/serviceAccounts/135750495924-compute@developer.gserviceaccount.com","automaticUpdatePolicy":{}},"serviceConfig":{"service":"projects/best-man-challenge/locations/us-central1/services/syncweeklychallengeactive","timeoutSeconds":60,"environmentVariables":{"FIREBASE_CONFIG":"{\"projectId\":\"best-man-challenge\",\"storageBucket\":\"best-man-challenge.firebasestorage.app\"}","GCLOUD_PROJECT":"best-man-challenge","EVENTARC_CLOUD_EVENT_SOURCE":"projects/best-man-challenge/locations/us-central1/services/syncWeeklyChallengeActive","FUNCTION_TARGET":"syncWeeklyChallengeActive","LOG_EXECUTION_ID":"true"},"ingressSettings":"ALLOW_ALL","serviceAccountEmail":"135750495924-compute@developer.gserviceaccount.com","availableMemory":"256Mi","maxInstanceRequestConcurrency":80,"availableCpu":"1"},"state":"FAILED","labels":{"deployment-scheduled":"true","firebase-functions-hash":"f6d0865ebff79a00d0f92415e07cae51acd687e4"},"stateMessages":[{"severity":"ERROR","type":"CloudRunServiceNotFound","message":"Cloud Run service projects/best-man-challenge/locations/us-central1/services/syncweeklychallengeactive for the function was not found. The function will not work correctly. Please redeploy."}],"environment":"GEN_2","url":"https://us-central1-best-man-challenge.cloudfunctions.net/syncWeeklyChallengeActive","satisfiesPzi":true},"stages":[{"name":"BUILD","message":"Build in progress","state":"IN_PROGRESS","resource":"projects/135750495924/locations/us-central1/builds/724ad73d-732e-4843-8123-0cf21c2984cc","resourceUri":"https://console.cloud.google.com/cloud-build/builds;region=us-central1/724ad73d-732e-4843-8123-0cf21c2984cc?project=135750495924"},{"name":"SERVICE","state":"NOT_STARTED"}],"operationType":"UPDATE_FUNCTION","buildName":"projects/135750495924/locations/us-central1/builds/724ad73d-732e-4843-8123-0cf21c2984cc"},"done":false}
[debug] [2026-06-13T15:13:43.477Z] [update-default-us-central1-syncWeeklyChallengeActive] Retrying task index 0
[debug] [2026-06-13T15:13:43.477Z] Checked if tokens are valid: true, expires at: 1781365693286
[debug] [2026-06-13T15:13:43.477Z] Checked if tokens are valid: true, expires at: 1781365693286
[debug] [2026-06-13T15:13:43.478Z] >>> [apiv2][query] GET https://cloudfunctions.googleapis.com/v2/projects/best-man-challenge/locations/us-central1/operations/operation-1781363595646-65424085596f0-a827d786-636b2da8 [none]
[debug] [2026-06-13T15:13:43.644Z] <<< [apiv2][status] GET https://cloudfunctions.googleapis.com/v2/projects/best-man-challenge/locations/us-central1/operations/operation-1781363595646-65424085596f0-a827d786-636b2da8 200
[debug] [2026-06-13T15:13:43.644Z] <<< [apiv2][body] GET https://cloudfunctions.googleapis.com/v2/projects/best-man-challenge/locations/us-central1/operations/operation-1781363595646-65424085596f0-a827d786-636b2da8 {"name":"projects/best-man-challenge/locations/us-central1/operations/operation-1781363595646-65424085596f0-a827d786-636b2da8","metadata":{"@type":"type.googleapis.com/google.cloud.functions.v2.OperationMetadata","createTime":"2026-06-13T15:13:16.424061738Z","target":"projects/best-man-challenge/locations/us-central1/functions/syncWeeklyChallengeActive","verb":"update","cancelRequested":false,"apiVersion":"v2","requestResource":{"@type":"type.googleapis.com/google.cloud.functions.v2.Function","name":"projects/best-man-challenge/locations/us-central1/functions/syncWeeklyChallengeActive","buildConfig":{"runtime":"nodejs24","entryPoint":"syncWeeklyChallengeActive","source":{"storageSource":{"bucket":"gcf-v2-sources-135750495924-us-central1","object":"syncWeeklyChallengeActive/function-source.zip","generation":"1781363596377016"}},"environmentVariables":{"GOOGLE_NODE_RUN_SCRIPTS":""},"dockerRepository":"projects/best-man-challenge/locations/us-central1/repositories/gcf-artifacts","sourceProvenance":{"resolvedStorageSource":{"bucket":"gcf-v2-sources-135750495924-us-central1","object":"syncWeeklyChallengeActive/function-source.zip","generation":"1781362948162028"}},"dockerRegistry":"ARTIFACT_REGISTRY","serviceAccount":"projects/best-man-challenge/serviceAccounts/135750495924-compute@developer.gserviceaccount.com","automaticUpdatePolicy":{}},"serviceConfig":{"service":"projects/best-man-challenge/locations/us-central1/services/syncweeklychallengeactive","timeoutSeconds":60,"environmentVariables":{"FIREBASE_CONFIG":"{\"projectId\":\"best-man-challenge\",\"storageBucket\":\"best-man-challenge.firebasestorage.app\"}","GCLOUD_PROJECT":"best-man-challenge","EVENTARC_CLOUD_EVENT_SOURCE":"projects/best-man-challenge/locations/us-central1/services/syncWeeklyChallengeActive","FUNCTION_TARGET":"syncWeeklyChallengeActive","LOG_EXECUTION_ID":"true"},"ingressSettings":"ALLOW_ALL","serviceAccountEmail":"135750495924-compute@developer.gserviceaccount.com","availableMemory":"256Mi","maxInstanceRequestConcurrency":80,"availableCpu":"1"},"state":"FAILED","labels":{"deployment-scheduled":"true","firebase-functions-hash":"f6d0865ebff79a00d0f92415e07cae51acd687e4"},"stateMessages":[{"severity":"ERROR","type":"CloudRunServiceNotFound","message":"Cloud Run service projects/best-man-challenge/locations/us-central1/services/syncweeklychallengeactive for the function was not found. The function will not work correctly. Please redeploy."}],"environment":"GEN_2","url":"https://us-central1-best-man-challenge.cloudfunctions.net/syncWeeklyChallengeActive","satisfiesPzi":true},"stages":[{"name":"BUILD","message":"Build in progress","state":"IN_PROGRESS","resource":"projects/135750495924/locations/us-central1/builds/724ad73d-732e-4843-8123-0cf21c2984cc","resourceUri":"https://console.cloud.google.com/cloud-build/builds;region=us-central1/724ad73d-732e-4843-8123-0cf21c2984cc?project=135750495924"},{"name":"SERVICE","state":"NOT_STARTED"}],"operationType":"UPDATE_FUNCTION","buildName":"projects/135750495924/locations/us-central1/builds/724ad73d-732e-4843-8123-0cf21c2984cc"},"done":false}
[debug] [2026-06-13T15:13:53.646Z] [update-default-us-central1-syncWeeklyChallengeActive] Retrying task index 0
[debug] [2026-06-13T15:13:53.647Z] Checked if tokens are valid: true, expires at: 1781365693286
[debug] [2026-06-13T15:13:53.647Z] Checked if tokens are valid: true, expires at: 1781365693286
[debug] [2026-06-13T15:13:53.647Z] >>> [apiv2][query] GET https://cloudfunctions.googleapis.com/v2/projects/best-man-challenge/locations/us-central1/operations/operation-1781363595646-65424085596f0-a827d786-636b2da8 [none]
[debug] [2026-06-13T15:13:54.171Z] <<< [apiv2][status] GET https://cloudfunctions.googleapis.com/v2/projects/best-man-challenge/locations/us-central1/operations/operation-1781363595646-65424085596f0-a827d786-636b2da8 200
[debug] [2026-06-13T15:13:54.171Z] <<< [apiv2][body] GET https://cloudfunctions.googleapis.com/v2/projects/best-man-challenge/locations/us-central1/operations/operation-1781363595646-65424085596f0-a827d786-636b2da8 {"name":"projects/best-man-challenge/locations/us-central1/operations/operation-1781363595646-65424085596f0-a827d786-636b2da8","metadata":{"@type":"type.googleapis.com/google.cloud.functions.v2.OperationMetadata","createTime":"2026-06-13T15:13:16.424061738Z","target":"projects/best-man-challenge/locations/us-central1/functions/syncWeeklyChallengeActive","verb":"update","cancelRequested":false,"apiVersion":"v2","requestResource":{"@type":"type.googleapis.com/google.cloud.functions.v2.Function","name":"projects/best-man-challenge/locations/us-central1/functions/syncWeeklyChallengeActive","buildConfig":{"runtime":"nodejs24","entryPoint":"syncWeeklyChallengeActive","source":{"storageSource":{"bucket":"gcf-v2-sources-135750495924-us-central1","object":"syncWeeklyChallengeActive/function-source.zip","generation":"1781363596377016"}},"environmentVariables":{"GOOGLE_NODE_RUN_SCRIPTS":""},"dockerRepository":"projects/best-man-challenge/locations/us-central1/repositories/gcf-artifacts","sourceProvenance":{"resolvedStorageSource":{"bucket":"gcf-v2-sources-135750495924-us-central1","object":"syncWeeklyChallengeActive/function-source.zip","generation":"1781362948162028"}},"dockerRegistry":"ARTIFACT_REGISTRY","serviceAccount":"projects/best-man-challenge/serviceAccounts/135750495924-compute@developer.gserviceaccount.com","automaticUpdatePolicy":{}},"serviceConfig":{"service":"projects/best-man-challenge/locations/us-central1/services/syncweeklychallengeactive","timeoutSeconds":60,"environmentVariables":{"FIREBASE_CONFIG":"{\"projectId\":\"best-man-challenge\",\"storageBucket\":\"best-man-challenge.firebasestorage.app\"}","GCLOUD_PROJECT":"best-man-challenge","EVENTARC_CLOUD_EVENT_SOURCE":"projects/best-man-challenge/locations/us-central1/services/syncWeeklyChallengeActive","FUNCTION_TARGET":"syncWeeklyChallengeActive","LOG_EXECUTION_ID":"true"},"ingressSettings":"ALLOW_ALL","serviceAccountEmail":"135750495924-compute@developer.gserviceaccount.com","availableMemory":"256Mi","maxInstanceRequestConcurrency":80,"availableCpu":"1"},"state":"FAILED","labels":{"deployment-scheduled":"true","firebase-functions-hash":"f6d0865ebff79a00d0f92415e07cae51acd687e4"},"stateMessages":[{"severity":"ERROR","type":"CloudRunServiceNotFound","message":"Cloud Run service projects/best-man-challenge/locations/us-central1/services/syncweeklychallengeactive for the function was not found. The function will not work correctly. Please redeploy."}],"environment":"GEN_2","url":"https://us-central1-best-man-challenge.cloudfunctions.net/syncWeeklyChallengeActive","satisfiesPzi":true},"stages":[{"name":"BUILD","message":"Build in progress","state":"IN_PROGRESS","resource":"projects/135750495924/locations/us-central1/builds/724ad73d-732e-4843-8123-0cf21c2984cc","resourceUri":"https://console.cloud.google.com/cloud-build/builds;region=us-central1/724ad73d-732e-4843-8123-0cf21c2984cc?project=135750495924"},{"name":"SERVICE","state":"NOT_STARTED"}],"operationType":"UPDATE_FUNCTION","buildName":"projects/135750495924/locations/us-central1/builds/724ad73d-732e-4843-8123-0cf21c2984cc"},"done":false}
[debug] [2026-06-13T15:14:04.172Z] [update-default-us-central1-syncWeeklyChallengeActive] Retrying task index 0
[debug] [2026-06-13T15:14:04.173Z] Checked if tokens are valid: true, expires at: 1781365693286
[debug] [2026-06-13T15:14:04.173Z] Checked if tokens are valid: true, expires at: 1781365693286
[debug] [2026-06-13T15:14:04.173Z] >>> [apiv2][query] GET https://cloudfunctions.googleapis.com/v2/projects/best-man-challenge/locations/us-central1/operations/operation-1781363595646-65424085596f0-a827d786-636b2da8 [none]
[debug] [2026-06-13T15:14:04.576Z] <<< [apiv2][status] GET https://cloudfunctions.googleapis.com/v2/projects/best-man-challenge/locations/us-central1/operations/operation-1781363595646-65424085596f0-a827d786-636b2da8 200
[debug] [2026-06-13T15:14:04.577Z] <<< [apiv2][body] GET https://cloudfunctions.googleapis.com/v2/projects/best-man-challenge/locations/us-central1/operations/operation-1781363595646-65424085596f0-a827d786-636b2da8 {"name":"projects/best-man-challenge/locations/us-central1/operations/operation-1781363595646-65424085596f0-a827d786-636b2da8","metadata":{"@type":"type.googleapis.com/google.cloud.functions.v2.OperationMetadata","createTime":"2026-06-13T15:13:16.424061738Z","endTime":"2026-06-13T15:14:02.431576014Z","target":"projects/best-man-challenge/locations/us-central1/functions/syncWeeklyChallengeActive","verb":"update","cancelRequested":false,"apiVersion":"v2","requestResource":{"@type":"type.googleapis.com/google.cloud.functions.v2.Function","name":"projects/best-man-challenge/locations/us-central1/functions/syncWeeklyChallengeActive","buildConfig":{"runtime":"nodejs24","entryPoint":"syncWeeklyChallengeActive","source":{"storageSource":{"bucket":"gcf-v2-sources-135750495924-us-central1","object":"syncWeeklyChallengeActive/function-source.zip","generation":"1781363596377016"}},"environmentVariables":{"GOOGLE_NODE_RUN_SCRIPTS":""},"dockerRepository":"projects/best-man-challenge/locations/us-central1/repositories/gcf-artifacts","sourceProvenance":{"resolvedStorageSource":{"bucket":"gcf-v2-sources-135750495924-us-central1","object":"syncWeeklyChallengeActive/function-source.zip","generation":"1781362948162028"}},"dockerRegistry":"ARTIFACT_REGISTRY","serviceAccount":"projects/best-man-challenge/serviceAccounts/135750495924-compute@developer.gserviceaccount.com","automaticUpdatePolicy":{}},"serviceConfig":{"service":"projects/best-man-challenge/locations/us-central1/services/syncweeklychallengeactive","timeoutSeconds":60,"environmentVariables":{"FIREBASE_CONFIG":"{\"projectId\":\"best-man-challenge\",\"storageBucket\":\"best-man-challenge.firebasestorage.app\"}","GCLOUD_PROJECT":"best-man-challenge","EVENTARC_CLOUD_EVENT_SOURCE":"projects/best-man-challenge/locations/us-central1/services/syncWeeklyChallengeActive","FUNCTION_TARGET":"syncWeeklyChallengeActive","LOG_EXECUTION_ID":"true"},"ingressSettings":"ALLOW_ALL","serviceAccountEmail":"135750495924-compute@developer.gserviceaccount.com","availableMemory":"256Mi","maxInstanceRequestConcurrency":80,"availableCpu":"1"},"state":"FAILED","labels":{"deployment-scheduled":"true","firebase-functions-hash":"f6d0865ebff79a00d0f92415e07cae51acd687e4"},"stateMessages":[{"severity":"ERROR","type":"CloudRunServiceNotFound","message":"Cloud Run service projects/best-man-challenge/locations/us-central1/services/syncweeklychallengeactive for the function was not found. The function will not work correctly. Please redeploy."}],"environment":"GEN_2","url":"https://us-central1-best-man-challenge.cloudfunctions.net/syncWeeklyChallengeActive","satisfiesPzi":true},"stages":[{"name":"SERVICE","state":"NOT_STARTED"}],"operationType":"UPDATE_FUNCTION"},"done":true,"error":{"code":3,"message":"Build failed with status: FAILURE and message: npm error code EUSAGE\nnpm error\nnpm error `npm ci` can only install packages when your package.json and package-lock.json or npm-shrinkwrap.json are in sync. Please update your lock file with `npm install` before continuing.\nnpm error\nnpm error Missing: @emnapi/core@1.11.1 from lock file\nnpm error Missing: @emnapi/runtime@1.11.1 from lock file\nnpm error\nnpm error Clean install a project\nnpm error\nnpm error Usage:\nnpm error npm ci\nnpm error\nnpm error Options:\nnpm error [--install-strategy <hoisted|nested|shallow|linked>] [--legacy-bundling]\nnpm error [--global-style] [--omit <dev|optional|peer> [--omit <dev|optional|peer> ...]]\nnpm error [--include <prod|dev|optional|peer> [--include <prod|dev|optional|peer> ...]]\nnpm error [--strict-peer-deps] [--foreground-scripts] [--ignore-scripts]\nnpm error [--allow-git <all|none|root>] [--no-audit] [--no-bin-links] [--no-fund]\nnpm error [--dry-run]\nnpm error [-w|--workspace <workspace-name> [-w|--workspace <workspace-name> ...]]\nnpm error [--workspaces] [--include-workspace-root] [--install-links]\nnpm error\nnpm error   --install-strategy\nnpm error     Sets the strategy for installing packages in node_modules.\nnpm error\nnpm error   --legacy-bundling\nnpm error     Instead of hoisting package installs in `node_modules`, install packages\nnpm error\nnpm error   --global-style\nnpm error     Only install direct dependencies in the top level `node_modules`,\nnpm error\nnpm error   --omit\nnpm error     Dependency types to omit from the installation tree on disk.\nnpm error\nnpm error   --include\nnpm error     Option that allows for defining which types of dependencies to install.\nnpm error\nnpm error   --strict-peer-deps\nnpm error     If set to `true`, and `--legacy-peer-deps` is not set, then _any_\nnpm error\nnpm error   --foreground-scripts\nnpm error     Run all build scripts (ie, `preinstall`, `install`, and\nnpm error\nnpm error   --ignore-scripts\nnpm error     If true, npm does not run scripts specified in package.json files.\nnpm error\nnpm error   --allow-git\nnpm error     Limits the ability for npm to fetch dependencies from git references.\nnpm error\nnpm error   --audit\nnpm error     When \"true\" submit audit reports alongside the current npm command to the\nnpm error\nnpm error   --bin-links\nnpm error     Tells npm to create symlinks (or `.cmd` shims on Windows) for package\nnpm error\nnpm error   --fund\nnpm error     When \"true\" displays the message at the end of each `npm install`\nnpm error\nnpm error   --dry-run\nnpm error     Indicates that you don't want npm to make any changes and that it should\nnpm error\nnpm error   -w|--workspace\nnpm error     Enable running a command in the context of the configured workspaces of the\nnpm error\nnpm error   --workspaces\nnpm error     Set to true to run the command in the context of **all** configured\nnpm error\nnpm error   --include-workspace-root\nnpm error     Include the workspace root when workspaces are enabled for a command.\nnpm error\nnpm error   --install-links\nnpm error     When set file: protocol dependencies will be packed and installed as\nnpm error\nnpm error\nnpm error aliases: clean-install, ic, install-clean, isntall-clean\nnpm error\nnpm error Run \"npm help ci\" for more info\nnpm error A complete log of this run can be found in: /www-data-home/.npm/_logs/2026-06-13T15_13_32_728Z-debug-0.log. For more details see the logs at https://console.cloud.google.com/cloud-build/builds;region=us-central1/724ad73d-732e-4843-8123-0cf21c2984cc?project=135750495924."}}
[debug] [2026-06-13T15:14:04.577Z] Got source token undefined for region us-central1
[error] Build failed with status: FAILURE and message: npm error code EUSAGE
npm error
npm error `npm ci` can only install packages when your package.json and package-lock.json or npm-shrinkwrap.json are in sync. Please update your lock file with `npm install` before continuing.
npm error
npm error Missing: @emnapi/core@1.11.1 from lock file
npm error Missing: @emnapi/runtime@1.11.1 from lock file
npm error
npm error Clean install a project
npm error
npm error Usage:
npm error npm ci
npm error
npm error Options:
npm error [--install-strategy <hoisted|nested|shallow|linked>] [--legacy-bundling]
npm error [--global-style] [--omit <dev|optional|peer> [--omit <dev|optional|peer> ...]]
npm error [--include <prod|dev|optional|peer> [--include <prod|dev|optional|peer> ...]]
npm error [--strict-peer-deps] [--foreground-scripts] [--ignore-scripts]
npm error [--allow-git <all|none|root>] [--no-audit] [--no-bin-links] [--no-fund]
npm error [--dry-run]
npm error [-w|--workspace <workspace-name> [-w|--workspace <workspace-name> ...]]
npm error [--workspaces] [--include-workspace-root] [--install-links]
npm error
npm error   --install-strategy
npm error     Sets the strategy for installing packages in node_modules.
npm error
npm error   --legacy-bundling
npm error     Instead of hoisting package installs in `node_modules`, install packages
npm error
npm error   --global-style
npm error     Only install direct dependencies in the top level `node_modules`,
npm error
npm error   --omit
npm error     Dependency types to omit from the installation tree on disk.
npm error
npm error   --include
npm error     Option that allows for defining which types of dependencies to install.
npm error
npm error   --strict-peer-deps
npm error     If set to `true`, and `--legacy-peer-deps` is not set, then _any_
npm error
npm error   --foreground-scripts
npm error     Run all build scripts (ie, `preinstall`, `install`, and
npm error
npm error   --ignore-scripts
npm error     If true, npm does not run scripts specified in package.json files.
npm error
npm error   --allow-git
npm error     Limits the ability for npm to fetch dependencies from git references.
npm error
npm error   --audit
npm error     When "true" submit audit reports alongside the current npm command to the
npm error
npm error   --bin-links
npm error     Tells npm to create symlinks (or `.cmd` shims on Windows) for package
npm error
npm error   --fund
npm error     When "true" displays the message at the end of each `npm install`
npm error
npm error   --dry-run
npm error     Indicates that you don't want npm to make any changes and that it should
npm error
npm error   -w|--workspace
npm error     Enable running a command in the context of the configured workspaces of the
npm error
npm error   --workspaces
npm error     Set to true to run the command in the context of **all** configured
npm error
npm error   --include-workspace-root
npm error     Include the workspace root when workspaces are enabled for a command.
npm error
npm error   --install-links
npm error     When set file: protocol dependencies will be packed and installed as
npm error
npm error
npm error aliases: clean-install, ic, install-clean, isntall-clean
npm error
npm error Run "npm help ci" for more info
npm error A complete log of this run can be found in: /www-data-home/.npm/_logs/2026-06-13T15_13_32_728Z-debug-0.log. For more details see the logs at https://console.cloud.google.com/cloud-build/builds;region=us-central1/724ad73d-732e-4843-8123-0cf21c2984cc?project=135750495924.
[debug] [2026-06-13T15:14:04.584Z] Total Function Deployment time: 49021
[debug] [2026-06-13T15:14:04.584Z] 1 Functions Deployed
[debug] [2026-06-13T15:14:04.584Z] 1 Functions Errored
[debug] [2026-06-13T15:14:04.584Z] 0 Function Deployments Aborted
[debug] [2026-06-13T15:14:04.584Z] Average Function Deployment time: 49020
[info] 
[info] Functions deploy had errors with the following functions:
	syncWeeklyChallengeActive(us-central1)
[debug] [2026-06-13T15:14:04.844Z] Checked if tokens are valid: true, expires at: 1781365693286
[debug] [2026-06-13T15:14:04.844Z] Checked if tokens are valid: true, expires at: 1781365693286
[debug] [2026-06-13T15:14:04.844Z] >>> [apiv2][query] GET https://artifactregistry.googleapis.com/v1/projects/best-man-challenge/locations/us-central1/repositories/gcf-artifacts [none]
[debug] [2026-06-13T15:14:05.277Z] <<< [apiv2][status] GET https://artifactregistry.googleapis.com/v1/projects/best-man-challenge/locations/us-central1/repositories/gcf-artifacts 200
[debug] [2026-06-13T15:14:05.277Z] <<< [apiv2][body] GET https://artifactregistry.googleapis.com/v1/projects/best-man-challenge/locations/us-central1/repositories/gcf-artifacts {"name":"projects/best-man-challenge/locations/us-central1/repositories/gcf-artifacts","format":"DOCKER","description":"This repository is created and used by Cloud Functions for storing function docker images.","labels":{"goog-managed-by":"cloudfunctions"},"createTime":"2026-06-13T15:02:43.175735Z","updateTime":"2026-06-13T15:08:18.040746Z","mode":"STANDARD_REPOSITORY","cleanupPolicies":{"firebase-functions-cleanup":{"id":"firebase-functions-cleanup","action":"DELETE","condition":{"tagState":"ANY","olderThan":"86400s"}}},"vulnerabilityScanningConfig":{"lastEnableTime":"2026-06-13T15:02:28.785629891Z","enablementState":"SCANNING_DISABLED","enablementStateReason":"API containerscanning.googleapis.com is not enabled."},"satisfiesPzi":true,"registryUri":"us-central1-docker.pkg.dev/best-man-challenge/gcf-artifacts"}
[debug] [2026-06-13T15:14:05.278Z] Functions deploy failed.
[debug] [2026-06-13T15:14:05.278Z] {
  "endpoint": {
    "id": "syncWeeklyChallengeActive",
    "project": "best-man-challenge",
    "region": "us-central1",
    "entryPoint": "syncWeeklyChallengeActive",
    "platform": "gcfv2",
    "runtime": "nodejs24",
    "scheduleTrigger": {
      "schedule": "every 1 hours",
      "timeZone": "America/Chicago",
      "retryConfig": {}
    },
    "labels": {
      "deployment-tool": "cli-firebase"
    },
    "serviceAccount": null,
    "ingressSettings": null,
    "availableMemoryMb": null,
    "timeoutSeconds": null,
    "maxInstances": null,
    "minInstances": null,
    "concurrency": 80,
    "vpc": null,
    "environmentVariables": {
      "FIREBASE_CONFIG": "{\"projectId\":\"best-man-challenge\",\"storageBucket\":\"best-man-challenge.firebasestorage.app\"}",
      "GCLOUD_PROJECT": "best-man-challenge",
      "EVENTARC_CLOUD_EVENT_SOURCE": "projects/best-man-challenge/locations/us-central1/services/syncWeeklyChallengeActive"
    },
    "codebase": "default",
    "securityLevel": "SECURE_ALWAYS",
    "cpu": 1,
    "targetedByOnly": false,
    "hash": "f6d0865ebff79a00d0f92415e07cae51acd687e4"
  },
  "op": "update",
  "original": {
    "name": "FirebaseError",
    "children": [],
    "exit": 1,
    "message": "Build failed with status: FAILURE and message: npm error code EUSAGE\nnpm error\nnpm error `npm ci` can only install packages when your package.json and package-lock.json or npm-shrinkwrap.json are in sync. Please update your lock file with `npm install` before continuing.\nnpm error\nnpm error Missing: @emnapi/core@1.11.1 from lock file\nnpm error Missing: @emnapi/runtime@1.11.1 from lock file\nnpm error\nnpm error Clean install a project\nnpm error\nnpm error Usage:\nnpm error npm ci\nnpm error\nnpm error Options:\nnpm error [--install-strategy <hoisted|nested|shallow|linked>] [--legacy-bundling]\nnpm error [--global-style] [--omit <dev|optional|peer> [--omit <dev|optional|peer> ...]]\nnpm error [--include <prod|dev|optional|peer> [--include <prod|dev|optional|peer> ...]]\nnpm error [--strict-peer-deps] [--foreground-scripts] [--ignore-scripts]\nnpm error [--allow-git <all|none|root>] [--no-audit] [--no-bin-links] [--no-fund]\nnpm error [--dry-run]\nnpm error [-w|--workspace <workspace-name> [-w|--workspace <workspace-name> ...]]\nnpm error [--workspaces] [--include-workspace-root] [--install-links]\nnpm error\nnpm error   --install-strategy\nnpm error     Sets the strategy for installing packages in node_modules.\nnpm error\nnpm error   --legacy-bundling\nnpm error     Instead of hoisting package installs in `node_modules`, install packages\nnpm error\nnpm error   --global-style\nnpm error     Only install direct dependencies in the top level `node_modules`,\nnpm error\nnpm error   --omit\nnpm error     Dependency types to omit from the installation tree on disk.\nnpm error\nnpm error   --include\nnpm error     Option that allows for defining which types of dependencies to install.\nnpm error\nnpm error   --strict-peer-deps\nnpm error     If set to `true`, and `--legacy-peer-deps` is not set, then _any_\nnpm error\nnpm error   --foreground-scripts\nnpm error     Run all build scripts (ie, `preinstall`, `install`, and\nnpm error\nnpm error   --ignore-scripts\nnpm error     If true, npm does not run scripts specified in package.json files.\nnpm error\nnpm error   --allow-git\nnpm error     Limits the ability for npm to fetch dependencies from git references.\nnpm error\nnpm error   --audit\nnpm error     When \"true\" submit audit reports alongside the current npm command to the\nnpm error\nnpm error   --bin-links\nnpm error     Tells npm to create symlinks (or `.cmd` shims on Windows) for package\nnpm error\nnpm error   --fund\nnpm error     When \"true\" displays the message at the end of each `npm install`\nnpm error\nnpm error   --dry-run\nnpm error     Indicates that you don't want npm to make any changes and that it should\nnpm error\nnpm error   -w|--workspace\nnpm error     Enable running a command in the context of the configured workspaces of the\nnpm error\nnpm error   --workspaces\nnpm error     Set to true to run the command in the context of **all** configured\nnpm error\nnpm error   --include-workspace-root\nnpm error     Include the workspace root when workspaces are enabled for a command.\nnpm error\nnpm error   --install-links\nnpm error     When set file: protocol dependencies will be packed and installed as\nnpm error\nnpm error\nnpm error aliases: clean-install, ic, install-clean, isntall-clean\nnpm error\nnpm error Run \"npm help ci\" for more info\nnpm error A complete log of this run can be found in: /www-data-home/.npm/_logs/2026-06-13T15_13_32_728Z-debug-0.log. For more details see the logs at https://console.cloud.google.com/cloud-build/builds;region=us-central1/724ad73d-732e-4843-8123-0cf21c2984cc?project=135750495924.",
    "original": {
      "code": 3,
      "message": "Build failed with status: FAILURE and message: npm error code EUSAGE\nnpm error\nnpm error `npm ci` can only install packages when your package.json and package-lock.json or npm-shrinkwrap.json are in sync. Please update your lock file with `npm install` before continuing.\nnpm error\nnpm error Missing: @emnapi/core@1.11.1 from lock file\nnpm error Missing: @emnapi/runtime@1.11.1 from lock file\nnpm error\nnpm error Clean install a project\nnpm error\nnpm error Usage:\nnpm error npm ci\nnpm error\nnpm error Options:\nnpm error [--install-strategy <hoisted|nested|shallow|linked>] [--legacy-bundling]\nnpm error [--global-style] [--omit <dev|optional|peer> [--omit <dev|optional|peer> ...]]\nnpm error [--include <prod|dev|optional|peer> [--include <prod|dev|optional|peer> ...]]\nnpm error [--strict-peer-deps] [--foreground-scripts] [--ignore-scripts]\nnpm error [--allow-git <all|none|root>] [--no-audit] [--no-bin-links] [--no-fund]\nnpm error [--dry-run]\nnpm error [-w|--workspace <workspace-name> [-w|--workspace <workspace-name> ...]]\nnpm error [--workspaces] [--include-workspace-root] [--install-links]\nnpm error\nnpm error   --install-strategy\nnpm error     Sets the strategy for installing packages in node_modules.\nnpm error\nnpm error   --legacy-bundling\nnpm error     Instead of hoisting package installs in `node_modules`, install packages\nnpm error\nnpm error   --global-style\nnpm error     Only install direct dependencies in the top level `node_modules`,\nnpm error\nnpm error   --omit\nnpm error     Dependency types to omit from the installation tree on disk.\nnpm error\nnpm error   --include\nnpm error     Option that allows for defining which types of dependencies to install.\nnpm error\nnpm error   --strict-peer-deps\nnpm error     If set to `true`, and `--legacy-peer-deps` is not set, then _any_\nnpm error\nnpm error   --foreground-scripts\nnpm error     Run all build scripts (ie, `preinstall`, `install`, and\nnpm error\nnpm error   --ignore-scripts\nnpm error     If true, npm does not run scripts specified in package.json files.\nnpm error\nnpm error   --allow-git\nnpm error     Limits the ability for npm to fetch dependencies from git references.\nnpm error\nnpm error   --audit\nnpm error     When \"true\" submit audit reports alongside the current npm command to the\nnpm error\nnpm error   --bin-links\nnpm error     Tells npm to create symlinks (or `.cmd` shims on Windows) for package\nnpm error\nnpm error   --fund\nnpm error     When \"true\" displays the message at the end of each `npm install`\nnpm error\nnpm error   --dry-run\nnpm error     Indicates that you don't want npm to make any changes and that it should\nnpm error\nnpm error   -w|--workspace\nnpm error     Enable running a command in the context of the configured workspaces of the\nnpm error\nnpm error   --workspaces\nnpm error     Set to true to run the command in the context of **all** configured\nnpm error\nnpm error   --include-workspace-root\nnpm error     Include the workspace root when workspaces are enabled for a command.\nnpm error\nnpm error   --install-links\nnpm error     When set file: protocol dependencies will be packed and installed as\nnpm error\nnpm error\nnpm error aliases: clean-install, ic, install-clean, isntall-clean\nnpm error\nnpm error Run \"npm help ci\" for more info\nnpm error A complete log of this run can be found in: /www-data-home/.npm/_logs/2026-06-13T15_13_32_728Z-debug-0.log. For more details see the logs at https://console.cloud.google.com/cloud-build/builds;region=us-central1/724ad73d-732e-4843-8123-0cf21c2984cc?project=135750495924."
    },
    "status": 3,
    "code": 3
  }
}
[debug] [2026-06-13T15:14:05.321Z] Error: Failed to update function syncWeeklyChallengeActive in region us-central1
    at /opt/homebrew/lib/node_modules/firebase-tools/lib/deploy/functions/release/fabricator.js:441:19
    at process.processTicksAndRejections (node:internal/process/task_queues:103:5)
    at async Fabricator.updateV2Function (/opt/homebrew/lib/node_modules/firebase-tools/lib/deploy/functions/release/fabricator.js:425:32)
    at async Fabricator.updateEndpoint (/opt/homebrew/lib/node_modules/firebase-tools/lib/deploy/functions/release/fabricator.js:161:13)
    at async handle (/opt/homebrew/lib/node_modules/firebase-tools/lib/deploy/functions/release/fabricator.js:90:17)
[error] 
[error] Error: There was an error deploying functions
[debug] [2026-06-13T15:16:26.979Z] ----------------------------------------------------------------------
[debug] [2026-06-13T15:16:26.980Z] Command:       /opt/homebrew/Cellar/node/25.2.1/bin/node /opt/homebrew/bin/firebase deploy --only functions
[debug] [2026-06-13T15:16:26.980Z] CLI Version:   15.5.1
[debug] [2026-06-13T15:16:26.980Z] Platform:      darwin
[debug] [2026-06-13T15:16:26.980Z] Node Version:  v25.2.1
[debug] [2026-06-13T15:16:26.980Z] Time:          Sat Jun 13 2026 08:16:26 GMT-0700 (Pacific Daylight Time)
[debug] [2026-06-13T15:16:26.980Z] ----------------------------------------------------------------------
[debug] 
[debug] [2026-06-13T15:16:27.542Z] > command requires scopes: ["email","openid","https://www.googleapis.com/auth/cloudplatformprojects.readonly","https://www.googleapis.com/auth/firebase","https://www.googleapis.com/auth/cloud-platform"]
[debug] [2026-06-13T15:16:27.542Z] > authorizing via signed-in user (bretc213@gmail.com)
[debug] [2026-06-13T15:16:27.542Z] [iam] checking project best-man-challenge for permissions ["cloudfunctions.functions.create","cloudfunctions.functions.delete","cloudfunctions.functions.get","cloudfunctions.functions.list","cloudfunctions.functions.update","cloudfunctions.operations.get","firebase.projects.get"]
[debug] [2026-06-13T15:16:27.543Z] Checked if tokens are valid: true, expires at: 1781365693286
[debug] [2026-06-13T15:16:27.543Z] Checked if tokens are valid: true, expires at: 1781365693286
[debug] [2026-06-13T15:16:27.543Z] >>> [apiv2][query] POST https://cloudresourcemanager.googleapis.com/v1/projects/best-man-challenge:testIamPermissions [none]
[debug] [2026-06-13T15:16:27.543Z] >>> [apiv2][(partial)header] POST https://cloudresourcemanager.googleapis.com/v1/projects/best-man-challenge:testIamPermissions  x-goog-user-project=best-man-challenge
[debug] [2026-06-13T15:16:27.543Z] >>> [apiv2][body] POST https://cloudresourcemanager.googleapis.com/v1/projects/best-man-challenge:testIamPermissions {"permissions":["cloudfunctions.functions.create","cloudfunctions.functions.delete","cloudfunctions.functions.get","cloudfunctions.functions.list","cloudfunctions.functions.update","cloudfunctions.operations.get","firebase.projects.get"]}
[debug] [2026-06-13T15:16:27.797Z] <<< [apiv2][status] POST https://cloudresourcemanager.googleapis.com/v1/projects/best-man-challenge:testIamPermissions 200
[debug] [2026-06-13T15:16:27.797Z] <<< [apiv2][body] POST https://cloudresourcemanager.googleapis.com/v1/projects/best-man-challenge:testIamPermissions {"permissions":["cloudfunctions.functions.create","cloudfunctions.functions.delete","cloudfunctions.functions.get","cloudfunctions.functions.list","cloudfunctions.functions.update","cloudfunctions.operations.get","firebase.projects.get"]}
[debug] [2026-06-13T15:16:27.797Z] Checked if tokens are valid: true, expires at: 1781365693286
[debug] [2026-06-13T15:16:27.798Z] Checked if tokens are valid: true, expires at: 1781365693286
[debug] [2026-06-13T15:16:27.798Z] >>> [apiv2][query] POST https://iam.googleapis.com/v1/projects/best-man-challenge/serviceAccounts/best-man-challenge@appspot.gserviceaccount.com:testIamPermissions [none]
[debug] [2026-06-13T15:16:27.798Z] >>> [apiv2][body] POST https://iam.googleapis.com/v1/projects/best-man-challenge/serviceAccounts/best-man-challenge@appspot.gserviceaccount.com:testIamPermissions {"permissions":["iam.serviceAccounts.actAs"]}
[debug] [2026-06-13T15:16:28.096Z] <<< [apiv2][status] POST https://iam.googleapis.com/v1/projects/best-man-challenge/serviceAccounts/best-man-challenge@appspot.gserviceaccount.com:testIamPermissions 200
[debug] [2026-06-13T15:16:28.097Z] <<< [apiv2][body] POST https://iam.googleapis.com/v1/projects/best-man-challenge/serviceAccounts/best-man-challenge@appspot.gserviceaccount.com:testIamPermissions {"permissions":["iam.serviceAccounts.actAs"]}
[info] 
[info] === Deploying to 'best-man-challenge'...
[info] 
[info] i  deploying functions 
[info] Running command: npm --prefix "$RESOURCE_DIR" run build
[info] ✔  functions: Finished running predeploy script. 
[debug] [2026-06-13T15:16:30.193Z] Checked if tokens are valid: true, expires at: 1781365693286
[debug] [2026-06-13T15:16:30.193Z] Checked if tokens are valid: true, expires at: 1781365693286
[debug] [2026-06-13T15:16:30.193Z] >>> [apiv2][query] GET https://cloudresourcemanager.googleapis.com/v1/projects/best-man-challenge [none]
[debug] [2026-06-13T15:16:30.295Z] <<< [apiv2][status] GET https://cloudresourcemanager.googleapis.com/v1/projects/best-man-challenge 200
[debug] [2026-06-13T15:16:30.295Z] <<< [apiv2][body] GET https://cloudresourcemanager.googleapis.com/v1/projects/best-man-challenge {"projectNumber":"135750495924","projectId":"best-man-challenge","lifecycleState":"ACTIVE","name":"Best Man Challenge","labels":{"firebase":"enabled","firebase-core":"disabled"},"createTime":"2025-05-23T23:22:24.269714Z"}
[info] i  functions: preparing codebase default for deployment 
[info] i  functions: ensuring required API cloudfunctions.googleapis.com is enabled... 
[info] i  functions: ensuring required API cloudbuild.googleapis.com is enabled... 
[info] i  artifactregistry: ensuring required API artifactregistry.googleapis.com is enabled... 
[debug] [2026-06-13T15:16:30.296Z] Checked if tokens are valid: true, expires at: 1781365693286
[debug] [2026-06-13T15:16:30.296Z] Checked if tokens are valid: true, expires at: 1781365693286
[debug] [2026-06-13T15:16:30.296Z] >>> [apiv2][query] GET https://firebase.googleapis.com/v1beta1/projects/best-man-challenge/adminSdkConfig [none]
[debug] [2026-06-13T15:16:30.512Z] <<< [apiv2][status] GET https://firebase.googleapis.com/v1beta1/projects/best-man-challenge/adminSdkConfig 200
[debug] [2026-06-13T15:16:30.513Z] <<< [apiv2][body] GET https://firebase.googleapis.com/v1beta1/projects/best-man-challenge/adminSdkConfig {"projectId":"best-man-challenge","storageBucket":"best-man-challenge.firebasestorage.app"}
[debug] [2026-06-13T15:16:30.513Z] Checked if tokens are valid: true, expires at: 1781365693286
[debug] [2026-06-13T15:16:30.514Z] Checked if tokens are valid: true, expires at: 1781365693286
[debug] [2026-06-13T15:16:30.514Z] >>> [apiv2][query] GET https://runtimeconfig.googleapis.com/v1beta1/projects/best-man-challenge/configs [none]
[debug] [2026-06-13T15:16:30.772Z] <<< [apiv2][status] GET https://runtimeconfig.googleapis.com/v1beta1/projects/best-man-challenge/configs 200
[debug] [2026-06-13T15:16:30.773Z] <<< [apiv2][body] GET https://runtimeconfig.googleapis.com/v1beta1/projects/best-man-challenge/configs {}
[debug] [2026-06-13T15:16:30.774Z] Validating nodejs source
[debug] [2026-06-13T15:16:31.131Z] > [functions] package.json contents: {
  "name": "functions",
  "scripts": {
    "lint": "eslint --ext .js,.ts .",
    "build": "tsc",
    "build:watch": "tsc --watch",
    "serve": "npm run build && firebase emulators:start --only functions",
    "shell": "npm run build && firebase functions:shell",
    "start": "npm run shell",
    "deploy": "firebase deploy --only functions",
    "logs": "firebase functions:log"
  },
  "engines": {
    "node": "24"
  },
  "main": "lib/index.js",
  "dependencies": {
    "firebase-admin": "^13.6.0",
    "firebase-functions": "^7.0.0"
  },
  "devDependencies": {
    "@typescript-eslint/eslint-plugin": "^5.12.0",
    "@typescript-eslint/parser": "^5.12.0",
    "eslint": "^8.9.0",
    "eslint-config-google": "^0.14.0",
    "eslint-plugin-import": "^2.25.4",
    "firebase-functions-test": "^3.4.1",
    "typescript": "^5.7.3"
  },
  "private": true
}
[debug] [2026-06-13T15:16:31.131Z] Building nodejs source
[info] i  functions: Loading and analyzing source code for codebase default to determine what to deploy 
[debug] [2026-06-13T15:16:31.131Z] Could not find functions.yaml. Must use http discovery
[debug] [2026-06-13T15:16:31.136Z] Found firebase-functions binary at '/Users/bclem213/Desktop/Health and Wellness/Life/Wedding/Best Man Challenge/Best Man Challenge/functions/node_modules/.bin/firebase-functions'
[info] Serving at port 8818

[debug] [2026-06-13T15:16:31.320Z] Got response from /__/functions.yaml {"endpoints":{"syncWeeklyChallengeActive":{"availableMemoryMb":null,"timeoutSeconds":null,"minInstances":null,"maxInstances":null,"ingressSettings":null,"concurrency":null,"serviceAccountEmail":null,"vpc":null,"platform":"gcfv2","labels":{},"scheduleTrigger":{"schedule":"every 1 hours","retryConfig":{},"timeZone":"America/Chicago"},"entryPoint":"syncWeeklyChallengeActive"}},"specVersion":"v1alpha1","requiredAPIs":[{"api":"cloudscheduler.googleapis.com","reason":"Needed for scheduled functions."}],"extensions":{}}
[info] i  extensions: ensuring required API firebaseextensions.googleapis.com is enabled... 
[debug] [2026-06-13T15:16:35.342Z] > command requires scopes: ["email","openid","https://www.googleapis.com/auth/cloudplatformprojects.readonly","https://www.googleapis.com/auth/firebase","https://www.googleapis.com/auth/cloud-platform"]
[debug] [2026-06-13T15:16:35.342Z] > authorizing via signed-in user (bretc213@gmail.com)
[debug] [2026-06-13T15:16:35.342Z] [iam] checking project best-man-challenge for permissions ["firebase.projects.get","firebaseextensions.instances.list"]
[debug] [2026-06-13T15:16:35.343Z] Checked if tokens are valid: true, expires at: 1781365693286
[debug] [2026-06-13T15:16:35.343Z] Checked if tokens are valid: true, expires at: 1781365693286
[debug] [2026-06-13T15:16:35.343Z] >>> [apiv2][query] POST https://cloudresourcemanager.googleapis.com/v1/projects/best-man-challenge:testIamPermissions [none]
[debug] [2026-06-13T15:16:35.343Z] >>> [apiv2][(partial)header] POST https://cloudresourcemanager.googleapis.com/v1/projects/best-man-challenge:testIamPermissions  x-goog-user-project=best-man-challenge
[debug] [2026-06-13T15:16:35.343Z] >>> [apiv2][body] POST https://cloudresourcemanager.googleapis.com/v1/projects/best-man-challenge:testIamPermissions {"permissions":["firebase.projects.get","firebaseextensions.instances.list"]}
[debug] [2026-06-13T15:16:35.455Z] <<< [apiv2][status] POST https://cloudresourcemanager.googleapis.com/v1/projects/best-man-challenge:testIamPermissions 200
[debug] [2026-06-13T15:16:35.455Z] <<< [apiv2][body] POST https://cloudresourcemanager.googleapis.com/v1/projects/best-man-challenge:testIamPermissions {"permissions":["firebase.projects.get","firebaseextensions.instances.list"]}
[debug] [2026-06-13T15:16:35.456Z] Checked if tokens are valid: true, expires at: 1781365693286
[debug] [2026-06-13T15:16:35.456Z] Checked if tokens are valid: true, expires at: 1781365693286
[debug] [2026-06-13T15:16:35.457Z] >>> [apiv2][query] GET https://firebaseextensions.googleapis.com/v1beta/projects/best-man-challenge/instances pageSize=100&pageToken=
[debug] [2026-06-13T15:16:35.892Z] <<< [apiv2][status] GET https://firebaseextensions.googleapis.com/v1beta/projects/best-man-challenge/instances 200
[debug] [2026-06-13T15:16:35.893Z] <<< [apiv2][body] GET https://firebaseextensions.googleapis.com/v1beta/projects/best-man-challenge/instances {}
[info] i  functions: preparing functions directory for uploading... 
[info] i  functions: packaged /Users/bclem213/Desktop/Health and Wellness/Life/Wedding/Best Man Challenge/Best Man Challenge/functions (38.27 KB) for uploading 
[debug] [2026-06-13T15:16:35.925Z] Checked if tokens are valid: true, expires at: 1781365693286
[debug] [2026-06-13T15:16:35.925Z] Checked if tokens are valid: true, expires at: 1781365693286
[debug] [2026-06-13T15:16:35.925Z] >>> [apiv2][query] GET https://cloudfunctions.googleapis.com/v1/projects/best-man-challenge/locations/-/functions [none]
[debug] [2026-06-13T15:16:36.465Z] <<< [apiv2][status] GET https://cloudfunctions.googleapis.com/v1/projects/best-man-challenge/locations/-/functions 200
[debug] [2026-06-13T15:16:36.466Z] <<< [apiv2][body] GET https://cloudfunctions.googleapis.com/v1/projects/best-man-challenge/locations/-/functions {}
[debug] [2026-06-13T15:16:36.466Z] Checked if tokens are valid: true, expires at: 1781365693286
[debug] [2026-06-13T15:16:36.466Z] Checked if tokens are valid: true, expires at: 1781365693286
[debug] [2026-06-13T15:16:36.467Z] >>> [apiv2][query] GET https://cloudfunctions.googleapis.com/v2/projects/best-man-challenge/locations/-/functions filter=environment%3D%22GEN_2%22
[debug] [2026-06-13T15:16:37.010Z] <<< [apiv2][status] GET https://cloudfunctions.googleapis.com/v2/projects/best-man-challenge/locations/-/functions 200
[debug] [2026-06-13T15:16:37.010Z] <<< [apiv2][body] GET https://cloudfunctions.googleapis.com/v2/projects/best-man-challenge/locations/-/functions {"functions":[{"name":"projects/best-man-challenge/locations/us-central1/functions/syncWeeklyChallengeActive","buildConfig":{"build":"projects/135750495924/locations/us-central1/builds/972de1f4-6a7e-4850-a63a-bddcfb037fa9","runtime":"nodejs24","entryPoint":"syncWeeklyChallengeActive","source":{"storageSource":{"bucket":"gcf-v2-sources-135750495924-us-central1","object":"syncWeeklyChallengeActive/function-source.zip","generation":"1781362948162028"}},"environmentVariables":{"GOOGLE_NODE_RUN_SCRIPTS":""},"dockerRepository":"projects/best-man-challenge/locations/us-central1/repositories/gcf-artifacts","sourceProvenance":{"resolvedStorageSource":{"bucket":"gcf-v2-sources-135750495924-us-central1","object":"syncWeeklyChallengeActive/function-source.zip","generation":"1781362948162028"}},"dockerRegistry":"ARTIFACT_REGISTRY","serviceAccount":"projects/best-man-challenge/serviceAccounts/135750495924-compute@developer.gserviceaccount.com","automaticUpdatePolicy":{}},"state":"UNKNOWN","updateTime":"2026-06-13T15:14:02.441314395Z","labels":{"deployment-scheduled":"true","firebase-functions-hash":"f6d0865ebff79a00d0f92415e07cae51acd687e4","deployment-tool":"cli-firebase"},"stateMessages":[{"severity":"ERROR","type":"CloudRunServiceNotFound","message":"Cloud Run service projects/best-man-challenge/locations/us-central1/services/syncweeklychallengeactive for the function was not found. The function will not work correctly. Please redeploy."}],"environment":"GEN_2","url":"https://us-central1-best-man-challenge.cloudfunctions.net/syncWeeklyChallengeActive","createTime":"2026-06-13T15:02:28.541947511Z","satisfiesPzi":true}]}
[info] i  functions: ensuring required API cloudscheduler.googleapis.com is enabled... 
[info] i  functions: ensuring required API run.googleapis.com is enabled... 
[info] i  functions: ensuring required API eventarc.googleapis.com is enabled... 
[info] i  functions: ensuring required API pubsub.googleapis.com is enabled... 
[info] i  functions: ensuring required API storage.googleapis.com is enabled... 
[info] i  functions: generating the service identity for pubsub.googleapis.com... 
[debug] [2026-06-13T15:16:37.014Z] Checked if tokens are valid: true, expires at: 1781365693286
[debug] [2026-06-13T15:16:37.014Z] Checked if tokens are valid: true, expires at: 1781365693286
[info] i  functions: generating the service identity for eventarc.googleapis.com... 
[debug] [2026-06-13T15:16:37.015Z] Checked if tokens are valid: true, expires at: 1781365693286
[debug] [2026-06-13T15:16:37.015Z] Checked if tokens are valid: true, expires at: 1781365693286
[debug] [2026-06-13T15:16:37.015Z] >>> [apiv2][query] POST https://serviceusage.googleapis.com/v1beta1/projects/135750495924/services/pubsub.googleapis.com:generateServiceIdentity [none]
[debug] [2026-06-13T15:16:37.015Z] >>> [apiv2][(partial)header] POST https://serviceusage.googleapis.com/v1beta1/projects/135750495924/services/pubsub.googleapis.com:generateServiceIdentity  x-goog-user-project=135750495924
[debug] [2026-06-13T15:16:37.015Z] >>> [apiv2][body] POST https://serviceusage.googleapis.com/v1beta1/projects/135750495924/services/pubsub.googleapis.com:generateServiceIdentity {}
[debug] [2026-06-13T15:16:37.016Z] >>> [apiv2][query] POST https://serviceusage.googleapis.com/v1beta1/projects/135750495924/services/eventarc.googleapis.com:generateServiceIdentity [none]
[debug] [2026-06-13T15:16:37.016Z] >>> [apiv2][(partial)header] POST https://serviceusage.googleapis.com/v1beta1/projects/135750495924/services/eventarc.googleapis.com:generateServiceIdentity  x-goog-user-project=135750495924
[debug] [2026-06-13T15:16:37.016Z] >>> [apiv2][body] POST https://serviceusage.googleapis.com/v1beta1/projects/135750495924/services/eventarc.googleapis.com:generateServiceIdentity {}
[debug] [2026-06-13T15:16:37.490Z] <<< [apiv2][status] POST https://serviceusage.googleapis.com/v1beta1/projects/135750495924/services/eventarc.googleapis.com:generateServiceIdentity 200
[debug] [2026-06-13T15:16:37.490Z] <<< [apiv2][body] POST https://serviceusage.googleapis.com/v1beta1/projects/135750495924/services/eventarc.googleapis.com:generateServiceIdentity {"name":"operations/finished.DONE_OPERATION","done":true,"response":{"@type":"type.googleapis.com/google.api.serviceusage.v1beta1.ServiceIdentity","email":"service-135750495924@gcp-sa-eventarc.iam.gserviceaccount.com","uniqueId":"104979216506323776079"}}
[debug] [2026-06-13T15:16:37.508Z] <<< [apiv2][status] POST https://serviceusage.googleapis.com/v1beta1/projects/135750495924/services/pubsub.googleapis.com:generateServiceIdentity 200
[debug] [2026-06-13T15:16:37.508Z] <<< [apiv2][body] POST https://serviceusage.googleapis.com/v1beta1/projects/135750495924/services/pubsub.googleapis.com:generateServiceIdentity {"name":"operations/finished.DONE_OPERATION","done":true,"response":{"@type":"type.googleapis.com/google.api.serviceusage.v1beta1.ServiceIdentity","email":"service-135750495924@gcp-sa-pubsub.iam.gserviceaccount.com","uniqueId":"109911672735986576751"}}
[debug] [2026-06-13T15:16:37.511Z] Checked if tokens are valid: true, expires at: 1781365693286
[debug] [2026-06-13T15:16:37.511Z] Checked if tokens are valid: true, expires at: 1781365693286
[debug] [2026-06-13T15:16:37.511Z] >>> [apiv2][query] GET https://cloudresourcemanager.googleapis.com/v1/projects/best-man-challenge [none]
[debug] [2026-06-13T15:16:37.622Z] <<< [apiv2][status] GET https://cloudresourcemanager.googleapis.com/v1/projects/best-man-challenge 200
[debug] [2026-06-13T15:16:37.622Z] <<< [apiv2][body] GET https://cloudresourcemanager.googleapis.com/v1/projects/best-man-challenge {"projectNumber":"135750495924","projectId":"best-man-challenge","lifecycleState":"ACTIVE","name":"Best Man Challenge","labels":{"firebase":"enabled","firebase-core":"disabled"},"createTime":"2025-05-23T23:22:24.269714Z"}
[debug] [2026-06-13T15:16:37.623Z] Checked if tokens are valid: true, expires at: 1781365693286
[debug] [2026-06-13T15:16:37.623Z] Checked if tokens are valid: true, expires at: 1781365693286
[debug] [2026-06-13T15:16:37.623Z] >>> [apiv2][query] GET https://compute.googleapis.com/compute/v1/projects/135750495924 [none]
[debug] [2026-06-13T15:16:37.756Z] <<< [apiv2][status] GET https://compute.googleapis.com/compute/v1/projects/135750495924 403
[debug] [2026-06-13T15:16:37.756Z] <<< [apiv2][body] GET https://compute.googleapis.com/compute/v1/projects/135750495924 {"error":{"code":403,"message":"Compute Engine API has not been used in project 135750495924 before or it is disabled. Enable it by visiting https://console.developers.google.com/apis/api/compute.googleapis.com/overview?project=135750495924 then retry. If you enabled this API recently, wait a few minutes for the action to propagate to our systems and retry.","errors":[{"message":"Compute Engine API has not been used in project 135750495924 before or it is disabled. Enable it by visiting https://console.developers.google.com/apis/api/compute.googleapis.com/overview?project=135750495924 then retry. If you enabled this API recently, wait a few minutes for the action to propagate to our systems and retry.","domain":"usageLimits","reason":"accessNotConfigured","extendedHelp":"https://console.developers.google.com"}],"status":"PERMISSION_DENIED","details":[{"@type":"type.googleapis.com/google.rpc.ErrorInfo","reason":"SERVICE_DISABLED","domain":"googleapis.com","metadata":{"consumer":"projects/135750495924","activationUrl":"https://console.developers.google.com/apis/api/compute.googleapis.com/overview?project=135750495924","containerInfo":"135750495924","serviceTitle":"Compute Engine API","service":"compute.googleapis.com"}},{"@type":"type.googleapis.com/google.rpc.LocalizedMessage","locale":"en-US","message":"Compute Engine API has not been used in project 135750495924 before or it is disabled. Enable it by visiting https://console.developers.google.com/apis/api/compute.googleapis.com/overview?project=135750495924 then retry. If you enabled this API recently, wait a few minutes for the action to propagate to our systems and retry."},{"@type":"type.googleapis.com/google.rpc.Help","links":[{"description":"Google developers console API activation","url":"https://console.developers.google.com/apis/api/compute.googleapis.com/overview?project=135750495924"}]}]}}
[debug] [2026-06-13T15:16:37.757Z] unable to look up default compute service account. Falling back to 135750495924-compute@developer.gserviceaccount.com. Error: {"name":"FirebaseError","children":[],"context":{"body":{"error":{"code":403,"message":"Compute Engine API has not been used in project 135750495924 before or it is disabled. Enable it by visiting https://console.developers.google.com/apis/api/compute.googleapis.com/overview?project=135750495924 then retry. If you enabled this API recently, wait a few minutes for the action to propagate to our systems and retry.","errors":[{"message":"Compute Engine API has not been used in project 135750495924 before or it is disabled. Enable it by visiting https://console.developers.google.com/apis/api/compute.googleapis.com/overview?project=135750495924 then retry. If you enabled this API recently, wait a few minutes for the action to propagate to our systems and retry.","domain":"usageLimits","reason":"accessNotConfigured","extendedHelp":"https://console.developers.google.com"}],"status":"PERMISSION_DENIED","details":[{"@type":"type.googleapis.com/google.rpc.ErrorInfo","reason":"SERVICE_DISABLED","domain":"googleapis.com","metadata":{"consumer":"projects/135750495924","activationUrl":"https://console.developers.google.com/apis/api/compute.googleapis.com/overview?project=135750495924","containerInfo":"135750495924","serviceTitle":"Compute Engine API","service":"compute.googleapis.com"}},{"@type":"type.googleapis.com/google.rpc.LocalizedMessage","locale":"en-US","message":"Compute Engine API has not been used in project 135750495924 before or it is disabled. Enable it by visiting https://console.developers.google.com/apis/api/compute.googleapis.com/overview?project=135750495924 then retry. If you enabled this API recently, wait a few minutes for the action to propagate to our systems and retry."},{"@type":"type.googleapis.com/google.rpc.Help","links":[{"description":"Google developers console API activation","url":"https://console.developers.google.com/apis/api/compute.googleapis.com/overview?project=135750495924"}]}]}},"response":{"statusCode":403}},"exit":1,"message":"Request to https://compute.googleapis.com/compute/v1/projects/135750495924 had HTTP Error: 403, Compute Engine API has not been used in project 135750495924 before or it is disabled. Enable it by visiting https://console.developers.google.com/apis/api/compute.googleapis.com/overview?project=135750495924 then retry. If you enabled this API recently, wait a few minutes for the action to propagate to our systems and retry.","status":403}
[debug] [2026-06-13T15:16:37.757Z] Checked if tokens are valid: true, expires at: 1781365693286
[debug] [2026-06-13T15:16:37.757Z] Checked if tokens are valid: true, expires at: 1781365693286
[debug] [2026-06-13T15:16:37.757Z] >>> [apiv2][query] GET https://compute.googleapis.com/compute/v1/projects/135750495924 [none]
[debug] [2026-06-13T15:16:37.958Z] <<< [apiv2][status] GET https://compute.googleapis.com/compute/v1/projects/135750495924 403
[debug] [2026-06-13T15:16:37.958Z] <<< [apiv2][body] GET https://compute.googleapis.com/compute/v1/projects/135750495924 {"error":{"code":403,"message":"Compute Engine API has not been used in project 135750495924 before or it is disabled. Enable it by visiting https://console.developers.google.com/apis/api/compute.googleapis.com/overview?project=135750495924 then retry. If you enabled this API recently, wait a few minutes for the action to propagate to our systems and retry.","errors":[{"message":"Compute Engine API has not been used in project 135750495924 before or it is disabled. Enable it by visiting https://console.developers.google.com/apis/api/compute.googleapis.com/overview?project=135750495924 then retry. If you enabled this API recently, wait a few minutes for the action to propagate to our systems and retry.","domain":"usageLimits","reason":"accessNotConfigured","extendedHelp":"https://console.developers.google.com"}],"status":"PERMISSION_DENIED","details":[{"@type":"type.googleapis.com/google.rpc.ErrorInfo","reason":"SERVICE_DISABLED","domain":"googleapis.com","metadata":{"activationUrl":"https://console.developers.google.com/apis/api/compute.googleapis.com/overview?project=135750495924","service":"compute.googleapis.com","consumer":"projects/135750495924","serviceTitle":"Compute Engine API","containerInfo":"135750495924"}},{"@type":"type.googleapis.com/google.rpc.LocalizedMessage","locale":"en-US","message":"Compute Engine API has not been used in project 135750495924 before or it is disabled. Enable it by visiting https://console.developers.google.com/apis/api/compute.googleapis.com/overview?project=135750495924 then retry. If you enabled this API recently, wait a few minutes for the action to propagate to our systems and retry."},{"@type":"type.googleapis.com/google.rpc.Help","links":[{"description":"Google developers console API activation","url":"https://console.developers.google.com/apis/api/compute.googleapis.com/overview?project=135750495924"}]}]}}
[debug] [2026-06-13T15:16:37.959Z] unable to look up default compute service account. Falling back to 135750495924-compute@developer.gserviceaccount.com. Error: {"name":"FirebaseError","children":[],"context":{"body":{"error":{"code":403,"message":"Compute Engine API has not been used in project 135750495924 before or it is disabled. Enable it by visiting https://console.developers.google.com/apis/api/compute.googleapis.com/overview?project=135750495924 then retry. If you enabled this API recently, wait a few minutes for the action to propagate to our systems and retry.","errors":[{"message":"Compute Engine API has not been used in project 135750495924 before or it is disabled. Enable it by visiting https://console.developers.google.com/apis/api/compute.googleapis.com/overview?project=135750495924 then retry. If you enabled this API recently, wait a few minutes for the action to propagate to our systems and retry.","domain":"usageLimits","reason":"accessNotConfigured","extendedHelp":"https://console.developers.google.com"}],"status":"PERMISSION_DENIED","details":[{"@type":"type.googleapis.com/google.rpc.ErrorInfo","reason":"SERVICE_DISABLED","domain":"googleapis.com","metadata":{"activationUrl":"https://console.developers.google.com/apis/api/compute.googleapis.com/overview?project=135750495924","service":"compute.googleapis.com","consumer":"projects/135750495924","serviceTitle":"Compute Engine API","containerInfo":"135750495924"}},{"@type":"type.googleapis.com/google.rpc.LocalizedMessage","locale":"en-US","message":"Compute Engine API has not been used in project 135750495924 before or it is disabled. Enable it by visiting https://console.developers.google.com/apis/api/compute.googleapis.com/overview?project=135750495924 then retry. If you enabled this API recently, wait a few minutes for the action to propagate to our systems and retry."},{"@type":"type.googleapis.com/google.rpc.Help","links":[{"description":"Google developers console API activation","url":"https://console.developers.google.com/apis/api/compute.googleapis.com/overview?project=135750495924"}]}]}},"response":{"statusCode":403}},"exit":1,"message":"Request to https://compute.googleapis.com/compute/v1/projects/135750495924 had HTTP Error: 403, Compute Engine API has not been used in project 135750495924 before or it is disabled. Enable it by visiting https://console.developers.google.com/apis/api/compute.googleapis.com/overview?project=135750495924 then retry. If you enabled this API recently, wait a few minutes for the action to propagate to our systems and retry.","status":403}
[debug] [2026-06-13T15:16:37.960Z] Checked if tokens are valid: true, expires at: 1781365693286
[debug] [2026-06-13T15:16:37.960Z] Checked if tokens are valid: true, expires at: 1781365693286
[debug] [2026-06-13T15:16:37.960Z] >>> [apiv2][query] GET https://cloudbilling.googleapis.com/v1/projects/best-man-challenge/billingInfo [none]
[debug] [2026-06-13T15:16:38.127Z] <<< [apiv2][status] GET https://cloudbilling.googleapis.com/v1/projects/best-man-challenge/billingInfo 200
[debug] [2026-06-13T15:16:38.127Z] <<< [apiv2][body] GET https://cloudbilling.googleapis.com/v1/projects/best-man-challenge/billingInfo {"name":"projects/best-man-challenge/billingInfo","projectId":"best-man-challenge","billingAccountName":"billingAccounts/019CC9-DE5192-1BF39F","billingEnabled":true}
[debug] [2026-06-13T15:16:38.129Z] Checked if tokens are valid: true, expires at: 1781365693286
[debug] [2026-06-13T15:16:38.129Z] Checked if tokens are valid: true, expires at: 1781365693286
[debug] [2026-06-13T15:16:38.129Z] >>> [apiv2][query] POST https://cloudfunctions.googleapis.com/v2/projects/best-man-challenge/locations/us-central1/functions:generateUploadUrl [none]
[debug] [2026-06-13T15:16:38.373Z] <<< [apiv2][status] POST https://cloudfunctions.googleapis.com/v2/projects/best-man-challenge/locations/us-central1/functions:generateUploadUrl 200
[debug] [2026-06-13T15:16:38.374Z] <<< [apiv2][body] POST https://cloudfunctions.googleapis.com/v2/projects/best-man-challenge/locations/us-central1/functions:generateUploadUrl {"uploadUrl":"https://storage.googleapis.com/gcf-v2-uploads-135750495924.us-central1.cloudfunctions.appspot.com/f9e88fa7-3c31-4fd4-8376-7493f37e41a8.zip?GoogleAccessId=service-135750495924@gcf-admin-robot.iam.gserviceaccount.com&Expires=1781365598&Signature=jUF3m8R2W5moDANOaRItg8LF2Un2SWHCsx8rlL0qpbuMDfSHRztlNZJQ5tJ%2Fi2dIWBhwPpfoXH2x5zyDNF24NiJPeGfwweAuHvuUESz7gXmvMdKouRZXxc3386jMFkhpKy%2BIW2OHI33jPwhbIogT3FhPbrAX19PzCZE0Xs9rriCU20EiXpLEExQ5Sq2qUQI2j%2FnxVHpGjh5CWRU3DydvyWxPzT7j8R%2BB2parfX%2Bd4xK5Z%2BkynJxI6iZ%2B15q9aOdbYSFNHingrAd1RP4wMGNO3lJJFrlEyuQL4ImhB4whuBphxg6bbP5wX4H%2B2Q25LozSjwrBFKHHXpJPsQ24CkFF5A%3D%3D","storageSource":{"bucket":"gcf-v2-uploads-135750495924.us-central1.cloudfunctions.appspot.com","object":"f9e88fa7-3c31-4fd4-8376-7493f37e41a8.zip"}}
[debug] [2026-06-13T15:16:38.376Z] >>> [apiv2][query] PUT https://storage.googleapis.com/gcf-v2-uploads-135750495924.us-central1.cloudfunctions.appspot.com/f9e88fa7-3c31-4fd4-8376-7493f37e41a8.zip GoogleAccessId=service-135750495924%40gcf-admin-robot.iam.gserviceaccount.com&Expires=1781365598&Signature=jUF3m8R2W5moDANOaRItg8LF2Un2SWHCsx8rlL0qpbuMDfSHRztlNZJQ5tJ%2Fi2dIWBhwPpfoXH2x5zyDNF24NiJPeGfwweAuHvuUESz7gXmvMdKouRZXxc3386jMFkhpKy%2BIW2OHI33jPwhbIogT3FhPbrAX19PzCZE0Xs9rriCU20EiXpLEExQ5Sq2qUQI2j%2FnxVHpGjh5CWRU3DydvyWxPzT7j8R%2BB2parfX%2Bd4xK5Z%2BkynJxI6iZ%2B15q9aOdbYSFNHingrAd1RP4wMGNO3lJJFrlEyuQL4ImhB4whuBphxg6bbP5wX4H%2B2Q25LozSjwrBFKHHXpJPsQ24CkFF5A%3D%3D
[debug] [2026-06-13T15:16:38.376Z] >>> [apiv2][body] PUT https://storage.googleapis.com/gcf-v2-uploads-135750495924.us-central1.cloudfunctions.appspot.com/f9e88fa7-3c31-4fd4-8376-7493f37e41a8.zip [stream]
[debug] [2026-06-13T15:16:38.600Z] <<< [apiv2][status] PUT https://storage.googleapis.com/gcf-v2-uploads-135750495924.us-central1.cloudfunctions.appspot.com/f9e88fa7-3c31-4fd4-8376-7493f37e41a8.zip 200
[debug] [2026-06-13T15:16:38.601Z] <<< [apiv2][body] PUT https://storage.googleapis.com/gcf-v2-uploads-135750495924.us-central1.cloudfunctions.appspot.com/f9e88fa7-3c31-4fd4-8376-7493f37e41a8.zip [omitted]
[info] ✔  functions: functions source uploaded successfully 
[info] i  functions: updating Node.js 24 (2nd Gen) function syncWeeklyChallengeActive(us-central1)... 
[debug] [2026-06-13T15:16:38.606Z] Checked if tokens are valid: true, expires at: 1781365693286
[debug] [2026-06-13T15:16:38.606Z] Checked if tokens are valid: true, expires at: 1781365693286
[debug] [2026-06-13T15:16:38.606Z] >>> [apiv2][query] PATCH https://cloudfunctions.googleapis.com/v2/projects/best-man-challenge/locations/us-central1/functions/syncWeeklyChallengeActive updateMask=name%2CbuildConfig.runtime%2CbuildConfig.entryPoint%2CbuildConfig.source.storageSource.bucket%2CbuildConfig.source.storageSource.object%2CbuildConfig.environmentVariables%2CbuildConfig.sourceToken%2CserviceConfig.environmentVariables%2CserviceConfig.ingressSettings%2CserviceConfig.timeoutSeconds%2CserviceConfig.serviceAccountEmail%2CserviceConfig.availableMemory%2CserviceConfig.minInstanceCount%2CserviceConfig.maxInstanceCount%2CserviceConfig.maxInstanceRequestConcurrency%2CserviceConfig.availableCpu%2CserviceConfig.vpcConnector%2CserviceConfig.vpcConnectorEgressSettings%2Clabels
[debug] [2026-06-13T15:16:38.606Z] >>> [apiv2][body] PATCH https://cloudfunctions.googleapis.com/v2/projects/best-man-challenge/locations/us-central1/functions/syncWeeklyChallengeActive {"name":"projects/best-man-challenge/locations/us-central1/functions/syncWeeklyChallengeActive","buildConfig":{"runtime":"nodejs24","entryPoint":"syncWeeklyChallengeActive","source":{"storageSource":{"bucket":"gcf-v2-uploads-135750495924.us-central1.cloudfunctions.appspot.com","object":"f9e88fa7-3c31-4fd4-8376-7493f37e41a8.zip"}},"environmentVariables":{"GOOGLE_NODE_RUN_SCRIPTS":""}},"serviceConfig":{"environmentVariables":{"FIREBASE_CONFIG":"{\"projectId\":\"best-man-challenge\",\"storageBucket\":\"best-man-challenge.firebasestorage.app\"}","GCLOUD_PROJECT":"best-man-challenge","EVENTARC_CLOUD_EVENT_SOURCE":"projects/best-man-challenge/locations/us-central1/services/syncWeeklyChallengeActive","FUNCTION_TARGET":"syncWeeklyChallengeActive","LOG_EXECUTION_ID":"true"},"ingressSettings":null,"timeoutSeconds":null,"serviceAccountEmail":null,"availableMemory":"256Mi","minInstanceCount":null,"maxInstanceCount":null,"maxInstanceRequestConcurrency":80,"availableCpu":"1","vpcConnector":null,"vpcConnectorEgressSettings":null},"labels":{"deployment-tool":"cli-firebase","deployment-scheduled":"true","firebase-functions-hash":"eceac0b3ab3293f859171b7264e5bea8ef954cbc"}}
[debug] [2026-06-13T15:16:39.499Z] <<< [apiv2][status] PATCH https://cloudfunctions.googleapis.com/v2/projects/best-man-challenge/locations/us-central1/functions/syncWeeklyChallengeActive 200
[debug] [2026-06-13T15:16:39.500Z] <<< [apiv2][body] PATCH https://cloudfunctions.googleapis.com/v2/projects/best-man-challenge/locations/us-central1/functions/syncWeeklyChallengeActive {"name":"projects/best-man-challenge/locations/us-central1/operations/operation-1781363798699-65424146fed69-cb4c0a03-f57fcc4c","metadata":{"@type":"type.googleapis.com/google.cloud.functions.v2.OperationMetadata","createTime":"2026-06-13T15:16:39.458263005Z","target":"projects/best-man-challenge/locations/us-central1/functions/syncWeeklyChallengeActive","verb":"update","cancelRequested":false,"apiVersion":"v2"},"done":false}
[debug] [2026-06-13T15:16:39.501Z] Checked if tokens are valid: true, expires at: 1781365693286
[debug] [2026-06-13T15:16:39.501Z] Checked if tokens are valid: true, expires at: 1781365693286
[debug] [2026-06-13T15:16:39.501Z] >>> [apiv2][query] GET https://cloudfunctions.googleapis.com/v2/projects/best-man-challenge/locations/us-central1/operations/operation-1781363798699-65424146fed69-cb4c0a03-f57fcc4c [none]
[debug] [2026-06-13T15:16:39.619Z] <<< [apiv2][status] GET https://cloudfunctions.googleapis.com/v2/projects/best-man-challenge/locations/us-central1/operations/operation-1781363798699-65424146fed69-cb4c0a03-f57fcc4c 200
[debug] [2026-06-13T15:16:39.619Z] <<< [apiv2][body] GET https://cloudfunctions.googleapis.com/v2/projects/best-man-challenge/locations/us-central1/operations/operation-1781363798699-65424146fed69-cb4c0a03-f57fcc4c {"name":"projects/best-man-challenge/locations/us-central1/operations/operation-1781363798699-65424146fed69-cb4c0a03-f57fcc4c","metadata":{"@type":"type.googleapis.com/google.cloud.functions.v2.OperationMetadata","createTime":"2026-06-13T15:16:39.458263005Z","target":"projects/best-man-challenge/locations/us-central1/functions/syncWeeklyChallengeActive","verb":"update","cancelRequested":false,"apiVersion":"v2"},"done":false}
[debug] [2026-06-13T15:16:40.121Z] [update-default-us-central1-syncWeeklyChallengeActive] Retrying task index 0
[debug] [2026-06-13T15:16:40.122Z] Checked if tokens are valid: true, expires at: 1781365693286
[debug] [2026-06-13T15:16:40.122Z] Checked if tokens are valid: true, expires at: 1781365693286
[debug] [2026-06-13T15:16:40.122Z] >>> [apiv2][query] GET https://cloudfunctions.googleapis.com/v2/projects/best-man-challenge/locations/us-central1/operations/operation-1781363798699-65424146fed69-cb4c0a03-f57fcc4c [none]
[debug] [2026-06-13T15:16:40.239Z] <<< [apiv2][status] GET https://cloudfunctions.googleapis.com/v2/projects/best-man-challenge/locations/us-central1/operations/operation-1781363798699-65424146fed69-cb4c0a03-f57fcc4c 200
[debug] [2026-06-13T15:16:40.239Z] <<< [apiv2][body] GET https://cloudfunctions.googleapis.com/v2/projects/best-man-challenge/locations/us-central1/operations/operation-1781363798699-65424146fed69-cb4c0a03-f57fcc4c {"name":"projects/best-man-challenge/locations/us-central1/operations/operation-1781363798699-65424146fed69-cb4c0a03-f57fcc4c","metadata":{"@type":"type.googleapis.com/google.cloud.functions.v2.OperationMetadata","createTime":"2026-06-13T15:16:39.458263005Z","target":"projects/best-man-challenge/locations/us-central1/functions/syncWeeklyChallengeActive","verb":"update","cancelRequested":false,"apiVersion":"v2","requestResource":{"@type":"type.googleapis.com/google.cloud.functions.v2.Function","name":"projects/best-man-challenge/locations/us-central1/functions/syncWeeklyChallengeActive","buildConfig":{"runtime":"nodejs24","entryPoint":"syncWeeklyChallengeActive","source":{"storageSource":{"bucket":"gcf-v2-sources-135750495924-us-central1","object":"syncWeeklyChallengeActive/function-source.zip","generation":"1781363799416079"}},"environmentVariables":{"GOOGLE_NODE_RUN_SCRIPTS":""},"dockerRepository":"projects/best-man-challenge/locations/us-central1/repositories/gcf-artifacts","sourceProvenance":{"resolvedStorageSource":{"bucket":"gcf-v2-sources-135750495924-us-central1","object":"syncWeeklyChallengeActive/function-source.zip","generation":"1781362948162028"}},"dockerRegistry":"ARTIFACT_REGISTRY","serviceAccount":"projects/best-man-challenge/serviceAccounts/135750495924-compute@developer.gserviceaccount.com","automaticUpdatePolicy":{}},"serviceConfig":{"service":"projects/best-man-challenge/locations/us-central1/services/syncweeklychallengeactive","timeoutSeconds":60,"environmentVariables":{"FIREBASE_CONFIG":"{\"projectId\":\"best-man-challenge\",\"storageBucket\":\"best-man-challenge.firebasestorage.app\"}","GCLOUD_PROJECT":"best-man-challenge","EVENTARC_CLOUD_EVENT_SOURCE":"projects/best-man-challenge/locations/us-central1/services/syncWeeklyChallengeActive","FUNCTION_TARGET":"syncWeeklyChallengeActive","LOG_EXECUTION_ID":"true"},"ingressSettings":"ALLOW_ALL","serviceAccountEmail":"135750495924-compute@developer.gserviceaccount.com","availableMemory":"256Mi","maxInstanceRequestConcurrency":80,"availableCpu":"1"},"state":"UNKNOWN","labels":{"deployment-scheduled":"true","firebase-functions-hash":"eceac0b3ab3293f859171b7264e5bea8ef954cbc"},"stateMessages":[{"severity":"ERROR","type":"CloudRunServiceNotFound","message":"Cloud Run service projects/best-man-challenge/locations/us-central1/services/syncweeklychallengeactive for the function was not found. The function will not work correctly. Please redeploy."}],"environment":"GEN_2","url":"https://us-central1-best-man-challenge.cloudfunctions.net/syncWeeklyChallengeActive","satisfiesPzi":true},"stages":[{"name":"BUILD","message":"Creating build","state":"IN_PROGRESS","resource":"projects/135750495924/locations/us-central1/builds/86255af9-8c14-4bb3-b78f-da596a8956f8","resourceUri":"https://console.cloud.google.com/cloud-build/builds;region=us-central1/86255af9-8c14-4bb3-b78f-da596a8956f8?project=135750495924"},{"name":"SERVICE","state":"NOT_STARTED"}],"operationType":"UPDATE_FUNCTION","buildName":"projects/135750495924/locations/us-central1/builds/86255af9-8c14-4bb3-b78f-da596a8956f8"},"done":false}
[debug] [2026-06-13T15:16:41.240Z] [update-default-us-central1-syncWeeklyChallengeActive] Retrying task index 0
[debug] [2026-06-13T15:16:41.241Z] Checked if tokens are valid: true, expires at: 1781365693286
[debug] [2026-06-13T15:16:41.241Z] Checked if tokens are valid: true, expires at: 1781365693286
[debug] [2026-06-13T15:16:41.241Z] >>> [apiv2][query] GET https://cloudfunctions.googleapis.com/v2/projects/best-man-challenge/locations/us-central1/operations/operation-1781363798699-65424146fed69-cb4c0a03-f57fcc4c [none]
[debug] [2026-06-13T15:16:41.358Z] <<< [apiv2][status] GET https://cloudfunctions.googleapis.com/v2/projects/best-man-challenge/locations/us-central1/operations/operation-1781363798699-65424146fed69-cb4c0a03-f57fcc4c 200
[debug] [2026-06-13T15:16:41.358Z] <<< [apiv2][body] GET https://cloudfunctions.googleapis.com/v2/projects/best-man-challenge/locations/us-central1/operations/operation-1781363798699-65424146fed69-cb4c0a03-f57fcc4c {"name":"projects/best-man-challenge/locations/us-central1/operations/operation-1781363798699-65424146fed69-cb4c0a03-f57fcc4c","metadata":{"@type":"type.googleapis.com/google.cloud.functions.v2.OperationMetadata","createTime":"2026-06-13T15:16:39.458263005Z","target":"projects/best-man-challenge/locations/us-central1/functions/syncWeeklyChallengeActive","verb":"update","cancelRequested":false,"apiVersion":"v2","requestResource":{"@type":"type.googleapis.com/google.cloud.functions.v2.Function","name":"projects/best-man-challenge/locations/us-central1/functions/syncWeeklyChallengeActive","buildConfig":{"runtime":"nodejs24","entryPoint":"syncWeeklyChallengeActive","source":{"storageSource":{"bucket":"gcf-v2-sources-135750495924-us-central1","object":"syncWeeklyChallengeActive/function-source.zip","generation":"1781363799416079"}},"environmentVariables":{"GOOGLE_NODE_RUN_SCRIPTS":""},"dockerRepository":"projects/best-man-challenge/locations/us-central1/repositories/gcf-artifacts","sourceProvenance":{"resolvedStorageSource":{"bucket":"gcf-v2-sources-135750495924-us-central1","object":"syncWeeklyChallengeActive/function-source.zip","generation":"1781362948162028"}},"dockerRegistry":"ARTIFACT_REGISTRY","serviceAccount":"projects/best-man-challenge/serviceAccounts/135750495924-compute@developer.gserviceaccount.com","automaticUpdatePolicy":{}},"serviceConfig":{"service":"projects/best-man-challenge/locations/us-central1/services/syncweeklychallengeactive","timeoutSeconds":60,"environmentVariables":{"FIREBASE_CONFIG":"{\"projectId\":\"best-man-challenge\",\"storageBucket\":\"best-man-challenge.firebasestorage.app\"}","GCLOUD_PROJECT":"best-man-challenge","EVENTARC_CLOUD_EVENT_SOURCE":"projects/best-man-challenge/locations/us-central1/services/syncWeeklyChallengeActive","FUNCTION_TARGET":"syncWeeklyChallengeActive","LOG_EXECUTION_ID":"true"},"ingressSettings":"ALLOW_ALL","serviceAccountEmail":"135750495924-compute@developer.gserviceaccount.com","availableMemory":"256Mi","maxInstanceRequestConcurrency":80,"availableCpu":"1"},"state":"UNKNOWN","labels":{"deployment-scheduled":"true","firebase-functions-hash":"eceac0b3ab3293f859171b7264e5bea8ef954cbc"},"stateMessages":[{"severity":"ERROR","type":"CloudRunServiceNotFound","message":"Cloud Run service projects/best-man-challenge/locations/us-central1/services/syncweeklychallengeactive for the function was not found. The function will not work correctly. Please redeploy."}],"environment":"GEN_2","url":"https://us-central1-best-man-challenge.cloudfunctions.net/syncWeeklyChallengeActive","satisfiesPzi":true},"stages":[{"name":"BUILD","message":"Build in progress","state":"IN_PROGRESS","resource":"projects/135750495924/locations/us-central1/builds/86255af9-8c14-4bb3-b78f-da596a8956f8","resourceUri":"https://console.cloud.google.com/cloud-build/builds;region=us-central1/86255af9-8c14-4bb3-b78f-da596a8956f8?project=135750495924"},{"name":"SERVICE","state":"NOT_STARTED"}],"operationType":"UPDATE_FUNCTION","buildName":"projects/135750495924/locations/us-central1/builds/86255af9-8c14-4bb3-b78f-da596a8956f8"},"done":false}
[debug] [2026-06-13T15:16:43.359Z] [update-default-us-central1-syncWeeklyChallengeActive] Retrying task index 0
[debug] [2026-06-13T15:16:43.360Z] Checked if tokens are valid: true, expires at: 1781365693286
[debug] [2026-06-13T15:16:43.360Z] Checked if tokens are valid: true, expires at: 1781365693286
[debug] [2026-06-13T15:16:43.360Z] >>> [apiv2][query] GET https://cloudfunctions.googleapis.com/v2/projects/best-man-challenge/locations/us-central1/operations/operation-1781363798699-65424146fed69-cb4c0a03-f57fcc4c [none]
[debug] [2026-06-13T15:16:43.454Z] <<< [apiv2][status] GET https://cloudfunctions.googleapis.com/v2/projects/best-man-challenge/locations/us-central1/operations/operation-1781363798699-65424146fed69-cb4c0a03-f57fcc4c 200
[debug] [2026-06-13T15:16:43.454Z] <<< [apiv2][body] GET https://cloudfunctions.googleapis.com/v2/projects/best-man-challenge/locations/us-central1/operations/operation-1781363798699-65424146fed69-cb4c0a03-f57fcc4c {"name":"projects/best-man-challenge/locations/us-central1/operations/operation-1781363798699-65424146fed69-cb4c0a03-f57fcc4c","metadata":{"@type":"type.googleapis.com/google.cloud.functions.v2.OperationMetadata","createTime":"2026-06-13T15:16:39.458263005Z","target":"projects/best-man-challenge/locations/us-central1/functions/syncWeeklyChallengeActive","verb":"update","cancelRequested":false,"apiVersion":"v2","requestResource":{"@type":"type.googleapis.com/google.cloud.functions.v2.Function","name":"projects/best-man-challenge/locations/us-central1/functions/syncWeeklyChallengeActive","buildConfig":{"runtime":"nodejs24","entryPoint":"syncWeeklyChallengeActive","source":{"storageSource":{"bucket":"gcf-v2-sources-135750495924-us-central1","object":"syncWeeklyChallengeActive/function-source.zip","generation":"1781363799416079"}},"environmentVariables":{"GOOGLE_NODE_RUN_SCRIPTS":""},"dockerRepository":"projects/best-man-challenge/locations/us-central1/repositories/gcf-artifacts","sourceProvenance":{"resolvedStorageSource":{"bucket":"gcf-v2-sources-135750495924-us-central1","object":"syncWeeklyChallengeActive/function-source.zip","generation":"1781362948162028"}},"dockerRegistry":"ARTIFACT_REGISTRY","serviceAccount":"projects/best-man-challenge/serviceAccounts/135750495924-compute@developer.gserviceaccount.com","automaticUpdatePolicy":{}},"serviceConfig":{"service":"projects/best-man-challenge/locations/us-central1/services/syncweeklychallengeactive","timeoutSeconds":60,"environmentVariables":{"FIREBASE_CONFIG":"{\"projectId\":\"best-man-challenge\",\"storageBucket\":\"best-man-challenge.firebasestorage.app\"}","GCLOUD_PROJECT":"best-man-challenge","EVENTARC_CLOUD_EVENT_SOURCE":"projects/best-man-challenge/locations/us-central1/services/syncWeeklyChallengeActive","FUNCTION_TARGET":"syncWeeklyChallengeActive","LOG_EXECUTION_ID":"true"},"ingressSettings":"ALLOW_ALL","serviceAccountEmail":"135750495924-compute@developer.gserviceaccount.com","availableMemory":"256Mi","maxInstanceRequestConcurrency":80,"availableCpu":"1"},"state":"UNKNOWN","labels":{"deployment-scheduled":"true","firebase-functions-hash":"eceac0b3ab3293f859171b7264e5bea8ef954cbc"},"stateMessages":[{"severity":"ERROR","type":"CloudRunServiceNotFound","message":"Cloud Run service projects/best-man-challenge/locations/us-central1/services/syncweeklychallengeactive for the function was not found. The function will not work correctly. Please redeploy."}],"environment":"GEN_2","url":"https://us-central1-best-man-challenge.cloudfunctions.net/syncWeeklyChallengeActive","satisfiesPzi":true},"stages":[{"name":"BUILD","message":"Build in progress","state":"IN_PROGRESS","resource":"projects/135750495924/locations/us-central1/builds/86255af9-8c14-4bb3-b78f-da596a8956f8","resourceUri":"https://console.cloud.google.com/cloud-build/builds;region=us-central1/86255af9-8c14-4bb3-b78f-da596a8956f8?project=135750495924"},{"name":"SERVICE","state":"NOT_STARTED"}],"operationType":"UPDATE_FUNCTION","buildName":"projects/135750495924/locations/us-central1/builds/86255af9-8c14-4bb3-b78f-da596a8956f8"},"done":false}
[debug] [2026-06-13T15:16:47.456Z] [update-default-us-central1-syncWeeklyChallengeActive] Retrying task index 0
[debug] [2026-06-13T15:16:47.456Z] Checked if tokens are valid: true, expires at: 1781365693286
[debug] [2026-06-13T15:16:47.457Z] Checked if tokens are valid: true, expires at: 1781365693286
[debug] [2026-06-13T15:16:47.457Z] >>> [apiv2][query] GET https://cloudfunctions.googleapis.com/v2/projects/best-man-challenge/locations/us-central1/operations/operation-1781363798699-65424146fed69-cb4c0a03-f57fcc4c [none]
[debug] [2026-06-13T15:16:47.552Z] <<< [apiv2][status] GET https://cloudfunctions.googleapis.com/v2/projects/best-man-challenge/locations/us-central1/operations/operation-1781363798699-65424146fed69-cb4c0a03-f57fcc4c 200
[debug] [2026-06-13T15:16:47.552Z] <<< [apiv2][body] GET https://cloudfunctions.googleapis.com/v2/projects/best-man-challenge/locations/us-central1/operations/operation-1781363798699-65424146fed69-cb4c0a03-f57fcc4c {"name":"projects/best-man-challenge/locations/us-central1/operations/operation-1781363798699-65424146fed69-cb4c0a03-f57fcc4c","metadata":{"@type":"type.googleapis.com/google.cloud.functions.v2.OperationMetadata","createTime":"2026-06-13T15:16:39.458263005Z","target":"projects/best-man-challenge/locations/us-central1/functions/syncWeeklyChallengeActive","verb":"update","cancelRequested":false,"apiVersion":"v2","requestResource":{"@type":"type.googleapis.com/google.cloud.functions.v2.Function","name":"projects/best-man-challenge/locations/us-central1/functions/syncWeeklyChallengeActive","buildConfig":{"runtime":"nodejs24","entryPoint":"syncWeeklyChallengeActive","source":{"storageSource":{"bucket":"gcf-v2-sources-135750495924-us-central1","object":"syncWeeklyChallengeActive/function-source.zip","generation":"1781363799416079"}},"environmentVariables":{"GOOGLE_NODE_RUN_SCRIPTS":""},"dockerRepository":"projects/best-man-challenge/locations/us-central1/repositories/gcf-artifacts","sourceProvenance":{"resolvedStorageSource":{"bucket":"gcf-v2-sources-135750495924-us-central1","object":"syncWeeklyChallengeActive/function-source.zip","generation":"1781362948162028"}},"dockerRegistry":"ARTIFACT_REGISTRY","serviceAccount":"projects/best-man-challenge/serviceAccounts/135750495924-compute@developer.gserviceaccount.com","automaticUpdatePolicy":{}},"serviceConfig":{"service":"projects/best-man-challenge/locations/us-central1/services/syncweeklychallengeactive","timeoutSeconds":60,"environmentVariables":{"FIREBASE_CONFIG":"{\"projectId\":\"best-man-challenge\",\"storageBucket\":\"best-man-challenge.firebasestorage.app\"}","GCLOUD_PROJECT":"best-man-challenge","EVENTARC_CLOUD_EVENT_SOURCE":"projects/best-man-challenge/locations/us-central1/services/syncWeeklyChallengeActive","FUNCTION_TARGET":"syncWeeklyChallengeActive","LOG_EXECUTION_ID":"true"},"ingressSettings":"ALLOW_ALL","serviceAccountEmail":"135750495924-compute@developer.gserviceaccount.com","availableMemory":"256Mi","maxInstanceRequestConcurrency":80,"availableCpu":"1"},"state":"UNKNOWN","labels":{"deployment-scheduled":"true","firebase-functions-hash":"eceac0b3ab3293f859171b7264e5bea8ef954cbc"},"stateMessages":[{"severity":"ERROR","type":"CloudRunServiceNotFound","message":"Cloud Run service projects/best-man-challenge/locations/us-central1/services/syncweeklychallengeactive for the function was not found. The function will not work correctly. Please redeploy."}],"environment":"GEN_2","url":"https://us-central1-best-man-challenge.cloudfunctions.net/syncWeeklyChallengeActive","satisfiesPzi":true},"stages":[{"name":"BUILD","message":"Build in progress","state":"IN_PROGRESS","resource":"projects/135750495924/locations/us-central1/builds/86255af9-8c14-4bb3-b78f-da596a8956f8","resourceUri":"https://console.cloud.google.com/cloud-build/builds;region=us-central1/86255af9-8c14-4bb3-b78f-da596a8956f8?project=135750495924"},{"name":"SERVICE","state":"NOT_STARTED"}],"operationType":"UPDATE_FUNCTION","buildName":"projects/135750495924/locations/us-central1/builds/86255af9-8c14-4bb3-b78f-da596a8956f8"},"done":false}
[debug] [2026-06-13T15:16:55.553Z] [update-default-us-central1-syncWeeklyChallengeActive] Retrying task index 0
[debug] [2026-06-13T15:16:55.554Z] Checked if tokens are valid: true, expires at: 1781365693286
[debug] [2026-06-13T15:16:55.554Z] Checked if tokens are valid: true, expires at: 1781365693286
[debug] [2026-06-13T15:16:55.554Z] >>> [apiv2][query] GET https://cloudfunctions.googleapis.com/v2/projects/best-man-challenge/locations/us-central1/operations/operation-1781363798699-65424146fed69-cb4c0a03-f57fcc4c [none]
[debug] [2026-06-13T15:16:55.752Z] <<< [apiv2][status] GET https://cloudfunctions.googleapis.com/v2/projects/best-man-challenge/locations/us-central1/operations/operation-1781363798699-65424146fed69-cb4c0a03-f57fcc4c 200
[debug] [2026-06-13T15:16:55.753Z] <<< [apiv2][body] GET https://cloudfunctions.googleapis.com/v2/projects/best-man-challenge/locations/us-central1/operations/operation-1781363798699-65424146fed69-cb4c0a03-f57fcc4c {"name":"projects/best-man-challenge/locations/us-central1/operations/operation-1781363798699-65424146fed69-cb4c0a03-f57fcc4c","metadata":{"@type":"type.googleapis.com/google.cloud.functions.v2.OperationMetadata","createTime":"2026-06-13T15:16:39.458263005Z","target":"projects/best-man-challenge/locations/us-central1/functions/syncWeeklyChallengeActive","verb":"update","cancelRequested":false,"apiVersion":"v2","requestResource":{"@type":"type.googleapis.com/google.cloud.functions.v2.Function","name":"projects/best-man-challenge/locations/us-central1/functions/syncWeeklyChallengeActive","buildConfig":{"runtime":"nodejs24","entryPoint":"syncWeeklyChallengeActive","source":{"storageSource":{"bucket":"gcf-v2-sources-135750495924-us-central1","object":"syncWeeklyChallengeActive/function-source.zip","generation":"1781363799416079"}},"environmentVariables":{"GOOGLE_NODE_RUN_SCRIPTS":""},"dockerRepository":"projects/best-man-challenge/locations/us-central1/repositories/gcf-artifacts","sourceProvenance":{"resolvedStorageSource":{"bucket":"gcf-v2-sources-135750495924-us-central1","object":"syncWeeklyChallengeActive/function-source.zip","generation":"1781362948162028"}},"dockerRegistry":"ARTIFACT_REGISTRY","serviceAccount":"projects/best-man-challenge/serviceAccounts/135750495924-compute@developer.gserviceaccount.com","automaticUpdatePolicy":{}},"serviceConfig":{"service":"projects/best-man-challenge/locations/us-central1/services/syncweeklychallengeactive","timeoutSeconds":60,"environmentVariables":{"FIREBASE_CONFIG":"{\"projectId\":\"best-man-challenge\",\"storageBucket\":\"best-man-challenge.firebasestorage.app\"}","GCLOUD_PROJECT":"best-man-challenge","EVENTARC_CLOUD_EVENT_SOURCE":"projects/best-man-challenge/locations/us-central1/services/syncWeeklyChallengeActive","FUNCTION_TARGET":"syncWeeklyChallengeActive","LOG_EXECUTION_ID":"true"},"ingressSettings":"ALLOW_ALL","serviceAccountEmail":"135750495924-compute@developer.gserviceaccount.com","availableMemory":"256Mi","maxInstanceRequestConcurrency":80,"availableCpu":"1"},"state":"UNKNOWN","labels":{"deployment-scheduled":"true","firebase-functions-hash":"eceac0b3ab3293f859171b7264e5bea8ef954cbc"},"stateMessages":[{"severity":"ERROR","type":"CloudRunServiceNotFound","message":"Cloud Run service projects/best-man-challenge/locations/us-central1/services/syncweeklychallengeactive for the function was not found. The function will not work correctly. Please redeploy."}],"environment":"GEN_2","url":"https://us-central1-best-man-challenge.cloudfunctions.net/syncWeeklyChallengeActive","satisfiesPzi":true},"stages":[{"name":"BUILD","message":"Build in progress","state":"IN_PROGRESS","resource":"projects/135750495924/locations/us-central1/builds/86255af9-8c14-4bb3-b78f-da596a8956f8","resourceUri":"https://console.cloud.google.com/cloud-build/builds;region=us-central1/86255af9-8c14-4bb3-b78f-da596a8956f8?project=135750495924"},{"name":"SERVICE","state":"NOT_STARTED"}],"operationType":"UPDATE_FUNCTION","buildName":"projects/135750495924/locations/us-central1/builds/86255af9-8c14-4bb3-b78f-da596a8956f8"},"done":false}
[debug] [2026-06-13T15:17:05.754Z] [update-default-us-central1-syncWeeklyChallengeActive] Retrying task index 0
[debug] [2026-06-13T15:17:05.755Z] Checked if tokens are valid: true, expires at: 1781365693286
[debug] [2026-06-13T15:17:05.755Z] Checked if tokens are valid: true, expires at: 1781365693286
[debug] [2026-06-13T15:17:05.755Z] >>> [apiv2][query] GET https://cloudfunctions.googleapis.com/v2/projects/best-man-challenge/locations/us-central1/operations/operation-1781363798699-65424146fed69-cb4c0a03-f57fcc4c [none]
[debug] [2026-06-13T15:17:06.159Z] <<< [apiv2][status] GET https://cloudfunctions.googleapis.com/v2/projects/best-man-challenge/locations/us-central1/operations/operation-1781363798699-65424146fed69-cb4c0a03-f57fcc4c 200
[debug] [2026-06-13T15:17:06.159Z] <<< [apiv2][body] GET https://cloudfunctions.googleapis.com/v2/projects/best-man-challenge/locations/us-central1/operations/operation-1781363798699-65424146fed69-cb4c0a03-f57fcc4c {"name":"projects/best-man-challenge/locations/us-central1/operations/operation-1781363798699-65424146fed69-cb4c0a03-f57fcc4c","metadata":{"@type":"type.googleapis.com/google.cloud.functions.v2.OperationMetadata","createTime":"2026-06-13T15:16:39.458263005Z","target":"projects/best-man-challenge/locations/us-central1/functions/syncWeeklyChallengeActive","verb":"update","cancelRequested":false,"apiVersion":"v2","requestResource":{"@type":"type.googleapis.com/google.cloud.functions.v2.Function","name":"projects/best-man-challenge/locations/us-central1/functions/syncWeeklyChallengeActive","buildConfig":{"runtime":"nodejs24","entryPoint":"syncWeeklyChallengeActive","source":{"storageSource":{"bucket":"gcf-v2-sources-135750495924-us-central1","object":"syncWeeklyChallengeActive/function-source.zip","generation":"1781363799416079"}},"environmentVariables":{"GOOGLE_NODE_RUN_SCRIPTS":""},"dockerRepository":"projects/best-man-challenge/locations/us-central1/repositories/gcf-artifacts","sourceProvenance":{"resolvedStorageSource":{"bucket":"gcf-v2-sources-135750495924-us-central1","object":"syncWeeklyChallengeActive/function-source.zip","generation":"1781362948162028"}},"dockerRegistry":"ARTIFACT_REGISTRY","serviceAccount":"projects/best-man-challenge/serviceAccounts/135750495924-compute@developer.gserviceaccount.com","automaticUpdatePolicy":{}},"serviceConfig":{"service":"projects/best-man-challenge/locations/us-central1/services/syncweeklychallengeactive","timeoutSeconds":60,"environmentVariables":{"FIREBASE_CONFIG":"{\"projectId\":\"best-man-challenge\",\"storageBucket\":\"best-man-challenge.firebasestorage.app\"}","GCLOUD_PROJECT":"best-man-challenge","EVENTARC_CLOUD_EVENT_SOURCE":"projects/best-man-challenge/locations/us-central1/services/syncWeeklyChallengeActive","FUNCTION_TARGET":"syncWeeklyChallengeActive","LOG_EXECUTION_ID":"true"},"ingressSettings":"ALLOW_ALL","serviceAccountEmail":"135750495924-compute@developer.gserviceaccount.com","availableMemory":"256Mi","maxInstanceRequestConcurrency":80,"availableCpu":"1"},"state":"UNKNOWN","labels":{"deployment-scheduled":"true","firebase-functions-hash":"eceac0b3ab3293f859171b7264e5bea8ef954cbc"},"stateMessages":[{"severity":"ERROR","type":"CloudRunServiceNotFound","message":"Cloud Run service projects/best-man-challenge/locations/us-central1/services/syncweeklychallengeactive for the function was not found. The function will not work correctly. Please redeploy."}],"environment":"GEN_2","url":"https://us-central1-best-man-challenge.cloudfunctions.net/syncWeeklyChallengeActive","satisfiesPzi":true},"stages":[{"name":"BUILD","message":"Build in progress","state":"IN_PROGRESS","resource":"projects/135750495924/locations/us-central1/builds/86255af9-8c14-4bb3-b78f-da596a8956f8","resourceUri":"https://console.cloud.google.com/cloud-build/builds;region=us-central1/86255af9-8c14-4bb3-b78f-da596a8956f8?project=135750495924"},{"name":"SERVICE","state":"NOT_STARTED"}],"operationType":"UPDATE_FUNCTION","buildName":"projects/135750495924/locations/us-central1/builds/86255af9-8c14-4bb3-b78f-da596a8956f8"},"done":false}
[debug] [2026-06-13T15:17:16.160Z] [update-default-us-central1-syncWeeklyChallengeActive] Retrying task index 0
[debug] [2026-06-13T15:17:16.160Z] Checked if tokens are valid: true, expires at: 1781365693286
[debug] [2026-06-13T15:17:16.161Z] Checked if tokens are valid: true, expires at: 1781365693286
[debug] [2026-06-13T15:17:16.161Z] >>> [apiv2][query] GET https://cloudfunctions.googleapis.com/v2/projects/best-man-challenge/locations/us-central1/operations/operation-1781363798699-65424146fed69-cb4c0a03-f57fcc4c [none]
[debug] [2026-06-13T15:17:16.278Z] <<< [apiv2][status] GET https://cloudfunctions.googleapis.com/v2/projects/best-man-challenge/locations/us-central1/operations/operation-1781363798699-65424146fed69-cb4c0a03-f57fcc4c 200
[debug] [2026-06-13T15:17:16.278Z] <<< [apiv2][body] GET https://cloudfunctions.googleapis.com/v2/projects/best-man-challenge/locations/us-central1/operations/operation-1781363798699-65424146fed69-cb4c0a03-f57fcc4c {"name":"projects/best-man-challenge/locations/us-central1/operations/operation-1781363798699-65424146fed69-cb4c0a03-f57fcc4c","metadata":{"@type":"type.googleapis.com/google.cloud.functions.v2.OperationMetadata","createTime":"2026-06-13T15:16:39.458263005Z","target":"projects/best-man-challenge/locations/us-central1/functions/syncWeeklyChallengeActive","verb":"update","cancelRequested":false,"apiVersion":"v2","requestResource":{"@type":"type.googleapis.com/google.cloud.functions.v2.Function","name":"projects/best-man-challenge/locations/us-central1/functions/syncWeeklyChallengeActive","buildConfig":{"runtime":"nodejs24","entryPoint":"syncWeeklyChallengeActive","source":{"storageSource":{"bucket":"gcf-v2-sources-135750495924-us-central1","object":"syncWeeklyChallengeActive/function-source.zip","generation":"1781363799416079"}},"environmentVariables":{"GOOGLE_NODE_RUN_SCRIPTS":""},"dockerRepository":"projects/best-man-challenge/locations/us-central1/repositories/gcf-artifacts","sourceProvenance":{"resolvedStorageSource":{"bucket":"gcf-v2-sources-135750495924-us-central1","object":"syncWeeklyChallengeActive/function-source.zip","generation":"1781362948162028"}},"dockerRegistry":"ARTIFACT_REGISTRY","serviceAccount":"projects/best-man-challenge/serviceAccounts/135750495924-compute@developer.gserviceaccount.com","automaticUpdatePolicy":{}},"serviceConfig":{"service":"projects/best-man-challenge/locations/us-central1/services/syncweeklychallengeactive","timeoutSeconds":60,"environmentVariables":{"FIREBASE_CONFIG":"{\"projectId\":\"best-man-challenge\",\"storageBucket\":\"best-man-challenge.firebasestorage.app\"}","GCLOUD_PROJECT":"best-man-challenge","EVENTARC_CLOUD_EVENT_SOURCE":"projects/best-man-challenge/locations/us-central1/services/syncWeeklyChallengeActive","FUNCTION_TARGET":"syncWeeklyChallengeActive","LOG_EXECUTION_ID":"true"},"ingressSettings":"ALLOW_ALL","serviceAccountEmail":"135750495924-compute@developer.gserviceaccount.com","availableMemory":"256Mi","maxInstanceRequestConcurrency":80,"availableCpu":"1"},"state":"UNKNOWN","labels":{"deployment-scheduled":"true","firebase-functions-hash":"eceac0b3ab3293f859171b7264e5bea8ef954cbc"},"stateMessages":[{"severity":"ERROR","type":"CloudRunServiceNotFound","message":"Cloud Run service projects/best-man-challenge/locations/us-central1/services/syncweeklychallengeactive for the function was not found. The function will not work correctly. Please redeploy."}],"environment":"GEN_2","url":"https://us-central1-best-man-challenge.cloudfunctions.net/syncWeeklyChallengeActive","satisfiesPzi":true},"stages":[{"name":"BUILD","message":"Build in progress","state":"IN_PROGRESS","resource":"projects/135750495924/locations/us-central1/builds/86255af9-8c14-4bb3-b78f-da596a8956f8","resourceUri":"https://console.cloud.google.com/cloud-build/builds;region=us-central1/86255af9-8c14-4bb3-b78f-da596a8956f8?project=135750495924"},{"name":"SERVICE","state":"NOT_STARTED"}],"operationType":"UPDATE_FUNCTION","buildName":"projects/135750495924/locations/us-central1/builds/86255af9-8c14-4bb3-b78f-da596a8956f8"},"done":false}
[debug] [2026-06-13T15:17:26.280Z] [update-default-us-central1-syncWeeklyChallengeActive] Retrying task index 0
[debug] [2026-06-13T15:17:26.280Z] Checked if tokens are valid: true, expires at: 1781365693286
[debug] [2026-06-13T15:17:26.280Z] Checked if tokens are valid: true, expires at: 1781365693286
[debug] [2026-06-13T15:17:26.281Z] >>> [apiv2][query] GET https://cloudfunctions.googleapis.com/v2/projects/best-man-challenge/locations/us-central1/operations/operation-1781363798699-65424146fed69-cb4c0a03-f57fcc4c [none]
[debug] [2026-06-13T15:17:26.415Z] <<< [apiv2][status] GET https://cloudfunctions.googleapis.com/v2/projects/best-man-challenge/locations/us-central1/operations/operation-1781363798699-65424146fed69-cb4c0a03-f57fcc4c 200
[debug] [2026-06-13T15:17:26.415Z] <<< [apiv2][body] GET https://cloudfunctions.googleapis.com/v2/projects/best-man-challenge/locations/us-central1/operations/operation-1781363798699-65424146fed69-cb4c0a03-f57fcc4c {"name":"projects/best-man-challenge/locations/us-central1/operations/operation-1781363798699-65424146fed69-cb4c0a03-f57fcc4c","metadata":{"@type":"type.googleapis.com/google.cloud.functions.v2.OperationMetadata","createTime":"2026-06-13T15:16:39.458263005Z","endTime":"2026-06-13T15:17:20.697510609Z","target":"projects/best-man-challenge/locations/us-central1/functions/syncWeeklyChallengeActive","verb":"update","cancelRequested":false,"apiVersion":"v2","requestResource":{"@type":"type.googleapis.com/google.cloud.functions.v2.Function","name":"projects/best-man-challenge/locations/us-central1/functions/syncWeeklyChallengeActive","buildConfig":{"runtime":"nodejs24","entryPoint":"syncWeeklyChallengeActive","source":{"storageSource":{"bucket":"gcf-v2-sources-135750495924-us-central1","object":"syncWeeklyChallengeActive/function-source.zip","generation":"1781363799416079"}},"environmentVariables":{"GOOGLE_NODE_RUN_SCRIPTS":""},"dockerRepository":"projects/best-man-challenge/locations/us-central1/repositories/gcf-artifacts","sourceProvenance":{"resolvedStorageSource":{"bucket":"gcf-v2-sources-135750495924-us-central1","object":"syncWeeklyChallengeActive/function-source.zip","generation":"1781362948162028"}},"dockerRegistry":"ARTIFACT_REGISTRY","serviceAccount":"projects/best-man-challenge/serviceAccounts/135750495924-compute@developer.gserviceaccount.com","automaticUpdatePolicy":{}},"serviceConfig":{"service":"projects/best-man-challenge/locations/us-central1/services/syncweeklychallengeactive","timeoutSeconds":60,"environmentVariables":{"FIREBASE_CONFIG":"{\"projectId\":\"best-man-challenge\",\"storageBucket\":\"best-man-challenge.firebasestorage.app\"}","GCLOUD_PROJECT":"best-man-challenge","EVENTARC_CLOUD_EVENT_SOURCE":"projects/best-man-challenge/locations/us-central1/services/syncWeeklyChallengeActive","FUNCTION_TARGET":"syncWeeklyChallengeActive","LOG_EXECUTION_ID":"true"},"ingressSettings":"ALLOW_ALL","serviceAccountEmail":"135750495924-compute@developer.gserviceaccount.com","availableMemory":"256Mi","maxInstanceRequestConcurrency":80,"availableCpu":"1"},"state":"UNKNOWN","labels":{"deployment-scheduled":"true","firebase-functions-hash":"eceac0b3ab3293f859171b7264e5bea8ef954cbc"},"stateMessages":[{"severity":"ERROR","type":"CloudRunServiceNotFound","message":"Cloud Run service projects/best-man-challenge/locations/us-central1/services/syncweeklychallengeactive for the function was not found. The function will not work correctly. Please redeploy."}],"environment":"GEN_2","url":"https://us-central1-best-man-challenge.cloudfunctions.net/syncWeeklyChallengeActive","satisfiesPzi":true},"stages":[{"name":"SERVICE","state":"NOT_STARTED"}],"operationType":"UPDATE_FUNCTION"},"done":true,"error":{"code":3,"message":"Build failed with status: FAILURE and message: npm error code EUSAGE\nnpm error\nnpm error `npm ci` can only install packages when your package.json and package-lock.json or npm-shrinkwrap.json are in sync. Please update your lock file with `npm install` before continuing.\nnpm error\nnpm error Missing: @emnapi/core@1.11.1 from lock file\nnpm error Missing: @emnapi/runtime@1.11.1 from lock file\nnpm error Missing: @emnapi/wasi-threads@1.2.2 from lock file\nnpm error Missing: @emnapi/core@1.10.0 from lock file\nnpm error Missing: @emnapi/runtime@1.10.0 from lock file\nnpm error Missing: @emnapi/wasi-threads@1.2.1 from lock file\nnpm error\nnpm error Clean install a project\nnpm error\nnpm error Usage:\nnpm error npm ci\nnpm error\nnpm error Options:\nnpm error [--install-strategy <hoisted|nested|shallow|linked>] [--legacy-bundling]\nnpm error [--global-style] [--omit <dev|optional|peer> [--omit <dev|optional|peer> ...]]\nnpm error [--include <prod|dev|optional|peer> [--include <prod|dev|optional|peer> ...]]\nnpm error [--strict-peer-deps] [--foreground-scripts] [--ignore-scripts]\nnpm error [--allow-git <all|none|root>] [--no-audit] [--no-bin-links] [--no-fund]\nnpm error [--dry-run]\nnpm error [-w|--workspace <workspace-name> [-w|--workspace <workspace-name> ...]]\nnpm error [--workspaces] [--include-workspace-root] [--install-links]\nnpm error\nnpm error   --install-strategy\nnpm error     Sets the strategy for installing packages in node_modules.\nnpm error\nnpm error   --legacy-bundling\nnpm error     Instead of hoisting package installs in `node_modules`, install packages\nnpm error\nnpm error   --global-style\nnpm error     Only install direct dependencies in the top level `node_modules`,\nnpm error\nnpm error   --omit\nnpm error     Dependency types to omit from the installation tree on disk.\nnpm error\nnpm error   --include\nnpm error     Option that allows for defining which types of dependencies to install.\nnpm error\nnpm error   --strict-peer-deps\nnpm error     If set to `true`, and `--legacy-peer-deps` is not set, then _any_\nnpm error\nnpm error   --foreground-scripts\nnpm error     Run all build scripts (ie, `preinstall`, `install`, and\nnpm error\nnpm error   --ignore-scripts\nnpm error     If true, npm does not run scripts specified in package.json files.\nnpm error\nnpm error   --allow-git\nnpm error     Limits the ability for npm to fetch dependencies from git references.\nnpm error\nnpm error   --audit\nnpm error     When \"true\" submit audit reports alongside the current npm command to the\nnpm error\nnpm error   --bin-links\nnpm error     Tells npm to create symlinks (or `.cmd` shims on Windows) for package\nnpm error\nnpm error   --fund\nnpm error     When \"true\" displays the message at the end of each `npm install`\nnpm error\nnpm error   --dry-run\nnpm error     Indicates that you don't want npm to make any changes and that it should\nnpm error\nnpm error   -w|--workspace\nnpm error     Enable running a command in the context of the configured workspaces of the\nnpm error\nnpm error   --workspaces\nnpm error     Set to true to run the command in the context of **all** configured\nnpm error\nnpm error   --include-workspace-root\nnpm error     Include the workspace root when workspaces are enabled for a command.\nnpm error\nnpm error   --install-links\nnpm error     When set file: protocol dependencies will be packed and installed as\nnpm error\nnpm error\nnpm error aliases: clean-install, ic, install-clean, isntall-clean\nnpm error\nnpm error Run \"npm help ci\" for more info\nnpm error A complete log of this run can be found in: /www-data-home/.npm/_logs/2026-06-13T15_16_55_929Z-debug-0.log. For more details see the logs at https://console.cloud.google.com/cloud-build/builds;region=us-central1/86255af9-8c14-4bb3-b78f-da596a8956f8?project=135750495924."}}
[debug] [2026-06-13T15:17:26.416Z] Got source token undefined for region us-central1
[error] Build failed with status: FAILURE and message: npm error code EUSAGE
npm error
npm error `npm ci` can only install packages when your package.json and package-lock.json or npm-shrinkwrap.json are in sync. Please update your lock file with `npm install` before continuing.
npm error
npm error Missing: @emnapi/core@1.11.1 from lock file
npm error Missing: @emnapi/runtime@1.11.1 from lock file
npm error Missing: @emnapi/wasi-threads@1.2.2 from lock file
npm error Missing: @emnapi/core@1.10.0 from lock file
npm error Missing: @emnapi/runtime@1.10.0 from lock file
npm error Missing: @emnapi/wasi-threads@1.2.1 from lock file
npm error
npm error Clean install a project
npm error
npm error Usage:
npm error npm ci
npm error
npm error Options:
npm error [--install-strategy <hoisted|nested|shallow|linked>] [--legacy-bundling]
npm error [--global-style] [--omit <dev|optional|peer> [--omit <dev|optional|peer> ...]]
npm error [--include <prod|dev|optional|peer> [--include <prod|dev|optional|peer> ...]]
npm error [--strict-peer-deps] [--foreground-scripts] [--ignore-scripts]
npm error [--allow-git <all|none|root>] [--no-audit] [--no-bin-links] [--no-fund]
npm error [--dry-run]
npm error [-w|--workspace <workspace-name> [-w|--workspace <workspace-name> ...]]
npm error [--workspaces] [--include-workspace-root] [--install-links]
npm error
npm error   --install-strategy
npm error     Sets the strategy for installing packages in node_modules.
npm error
npm error   --legacy-bundling
npm error     Instead of hoisting package installs in `node_modules`, install packages
npm error
npm error   --global-style
npm error     Only install direct dependencies in the top level `node_modules`,
npm error
npm error   --omit
npm error     Dependency types to omit from the installation tree on disk.
npm error
npm error   --include
npm error     Option that allows for defining which types of dependencies to install.
npm error
npm error   --strict-peer-deps
npm error     If set to `true`, and `--legacy-peer-deps` is not set, then _any_
npm error
npm error   --foreground-scripts
npm error     Run all build scripts (ie, `preinstall`, `install`, and
npm error
npm error   --ignore-scripts
npm error     If true, npm does not run scripts specified in package.json files.
npm error
npm error   --allow-git
npm error     Limits the ability for npm to fetch dependencies from git references.
npm error
npm error   --audit
npm error     When "true" submit audit reports alongside the current npm command to the
npm error
npm error   --bin-links
npm error     Tells npm to create symlinks (or `.cmd` shims on Windows) for package
npm error
npm error   --fund
npm error     When "true" displays the message at the end of each `npm install`
npm error
npm error   --dry-run
npm error     Indicates that you don't want npm to make any changes and that it should
npm error
npm error   -w|--workspace
npm error     Enable running a command in the context of the configured workspaces of the
npm error
npm error   --workspaces
npm error     Set to true to run the command in the context of **all** configured
npm error
npm error   --include-workspace-root
npm error     Include the workspace root when workspaces are enabled for a command.
npm error
npm error   --install-links
npm error     When set file: protocol dependencies will be packed and installed as
npm error
npm error
npm error aliases: clean-install, ic, install-clean, isntall-clean
npm error
npm error Run "npm help ci" for more info
npm error A complete log of this run can be found in: /www-data-home/.npm/_logs/2026-06-13T15_16_55_929Z-debug-0.log. For more details see the logs at https://console.cloud.google.com/cloud-build/builds;region=us-central1/86255af9-8c14-4bb3-b78f-da596a8956f8?project=135750495924.
[debug] [2026-06-13T15:17:26.422Z] Total Function Deployment time: 47814
[debug] [2026-06-13T15:17:26.422Z] 1 Functions Deployed
[debug] [2026-06-13T15:17:26.422Z] 1 Functions Errored
[debug] [2026-06-13T15:17:26.422Z] 0 Function Deployments Aborted
[debug] [2026-06-13T15:17:26.422Z] Average Function Deployment time: 47813
[info] 
[info] Functions deploy had errors with the following functions:
	syncWeeklyChallengeActive(us-central1)
[debug] [2026-06-13T15:17:26.608Z] Checked if tokens are valid: true, expires at: 1781365693286
[debug] [2026-06-13T15:17:26.608Z] Checked if tokens are valid: true, expires at: 1781365693286
[debug] [2026-06-13T15:17:26.608Z] >>> [apiv2][query] GET https://artifactregistry.googleapis.com/v1/projects/best-man-challenge/locations/us-central1/repositories/gcf-artifacts [none]
[debug] [2026-06-13T15:17:27.155Z] <<< [apiv2][status] GET https://artifactregistry.googleapis.com/v1/projects/best-man-challenge/locations/us-central1/repositories/gcf-artifacts 200
[debug] [2026-06-13T15:17:27.156Z] <<< [apiv2][body] GET https://artifactregistry.googleapis.com/v1/projects/best-man-challenge/locations/us-central1/repositories/gcf-artifacts {"name":"projects/best-man-challenge/locations/us-central1/repositories/gcf-artifacts","format":"DOCKER","description":"This repository is created and used by Cloud Functions for storing function docker images.","labels":{"goog-managed-by":"cloudfunctions"},"createTime":"2026-06-13T15:02:43.175735Z","updateTime":"2026-06-13T15:08:18.040746Z","mode":"STANDARD_REPOSITORY","cleanupPolicies":{"firebase-functions-cleanup":{"id":"firebase-functions-cleanup","action":"DELETE","condition":{"tagState":"ANY","olderThan":"86400s"}}},"vulnerabilityScanningConfig":{"lastEnableTime":"2026-06-13T15:02:28.785629891Z","enablementState":"SCANNING_DISABLED","enablementStateReason":"API containerscanning.googleapis.com is not enabled."},"satisfiesPzi":true,"registryUri":"us-central1-docker.pkg.dev/best-man-challenge/gcf-artifacts"}
[debug] [2026-06-13T15:17:27.156Z] Functions deploy failed.
[debug] [2026-06-13T15:17:27.156Z] {
  "endpoint": {
    "id": "syncWeeklyChallengeActive",
    "project": "best-man-challenge",
    "region": "us-central1",
    "entryPoint": "syncWeeklyChallengeActive",
    "platform": "gcfv2",
    "runtime": "nodejs24",
    "scheduleTrigger": {
      "schedule": "every 1 hours",
      "timeZone": "America/Chicago",
      "retryConfig": {}
    },
    "labels": {
      "deployment-tool": "cli-firebase"
    },
    "serviceAccount": null,
    "ingressSettings": null,
    "availableMemoryMb": null,
    "timeoutSeconds": null,
    "maxInstances": null,
    "minInstances": null,
    "concurrency": 80,
    "vpc": null,
    "environmentVariables": {
      "FIREBASE_CONFIG": "{\"projectId\":\"best-man-challenge\",\"storageBucket\":\"best-man-challenge.firebasestorage.app\"}",
      "GCLOUD_PROJECT": "best-man-challenge",
      "EVENTARC_CLOUD_EVENT_SOURCE": "projects/best-man-challenge/locations/us-central1/services/syncWeeklyChallengeActive"
    },
    "codebase": "default",
    "securityLevel": "SECURE_ALWAYS",
    "cpu": 1,
    "targetedByOnly": false,
    "hash": "eceac0b3ab3293f859171b7264e5bea8ef954cbc"
  },
  "op": "update",
  "original": {
    "name": "FirebaseError",
    "children": [],
    "exit": 1,
    "message": "Build failed with status: FAILURE and message: npm error code EUSAGE\nnpm error\nnpm error `npm ci` can only install packages when your package.json and package-lock.json or npm-shrinkwrap.json are in sync. Please update your lock file with `npm install` before continuing.\nnpm error\nnpm error Missing: @emnapi/core@1.11.1 from lock file\nnpm error Missing: @emnapi/runtime@1.11.1 from lock file\nnpm error Missing: @emnapi/wasi-threads@1.2.2 from lock file\nnpm error Missing: @emnapi/core@1.10.0 from lock file\nnpm error Missing: @emnapi/runtime@1.10.0 from lock file\nnpm error Missing: @emnapi/wasi-threads@1.2.1 from lock file\nnpm error\nnpm error Clean install a project\nnpm error\nnpm error Usage:\nnpm error npm ci\nnpm error\nnpm error Options:\nnpm error [--install-strategy <hoisted|nested|shallow|linked>] [--legacy-bundling]\nnpm error [--global-style] [--omit <dev|optional|peer> [--omit <dev|optional|peer> ...]]\nnpm error [--include <prod|dev|optional|peer> [--include <prod|dev|optional|peer> ...]]\nnpm error [--strict-peer-deps] [--foreground-scripts] [--ignore-scripts]\nnpm error [--allow-git <all|none|root>] [--no-audit] [--no-bin-links] [--no-fund]\nnpm error [--dry-run]\nnpm error [-w|--workspace <workspace-name> [-w|--workspace <workspace-name> ...]]\nnpm error [--workspaces] [--include-workspace-root] [--install-links]\nnpm error\nnpm error   --install-strategy\nnpm error     Sets the strategy for installing packages in node_modules.\nnpm error\nnpm error   --legacy-bundling\nnpm error     Instead of hoisting package installs in `node_modules`, install packages\nnpm error\nnpm error   --global-style\nnpm error     Only install direct dependencies in the top level `node_modules`,\nnpm error\nnpm error   --omit\nnpm error     Dependency types to omit from the installation tree on disk.\nnpm error\nnpm error   --include\nnpm error     Option that allows for defining which types of dependencies to install.\nnpm error\nnpm error   --strict-peer-deps\nnpm error     If set to `true`, and `--legacy-peer-deps` is not set, then _any_\nnpm error\nnpm error   --foreground-scripts\nnpm error     Run all build scripts (ie, `preinstall`, `install`, and\nnpm error\nnpm error   --ignore-scripts\nnpm error     If true, npm does not run scripts specified in package.json files.\nnpm error\nnpm error   --allow-git\nnpm error     Limits the ability for npm to fetch dependencies from git references.\nnpm error\nnpm error   --audit\nnpm error     When \"true\" submit audit reports alongside the current npm command to the\nnpm error\nnpm error   --bin-links\nnpm error     Tells npm to create symlinks (or `.cmd` shims on Windows) for package\nnpm error\nnpm error   --fund\nnpm error     When \"true\" displays the message at the end of each `npm install`\nnpm error\nnpm error   --dry-run\nnpm error     Indicates that you don't want npm to make any changes and that it should\nnpm error\nnpm error   -w|--workspace\nnpm error     Enable running a command in the context of the configured workspaces of the\nnpm error\nnpm error   --workspaces\nnpm error     Set to true to run the command in the context of **all** configured\nnpm error\nnpm error   --include-workspace-root\nnpm error     Include the workspace root when workspaces are enabled for a command.\nnpm error\nnpm error   --install-links\nnpm error     When set file: protocol dependencies will be packed and installed as\nnpm error\nnpm error\nnpm error aliases: clean-install, ic, install-clean, isntall-clean\nnpm error\nnpm error Run \"npm help ci\" for more info\nnpm error A complete log of this run can be found in: /www-data-home/.npm/_logs/2026-06-13T15_16_55_929Z-debug-0.log. For more details see the logs at https://console.cloud.google.com/cloud-build/builds;region=us-central1/86255af9-8c14-4bb3-b78f-da596a8956f8?project=135750495924.",
    "original": {
      "code": 3,
      "message": "Build failed with status: FAILURE and message: npm error code EUSAGE\nnpm error\nnpm error `npm ci` can only install packages when your package.json and package-lock.json or npm-shrinkwrap.json are in sync. Please update your lock file with `npm install` before continuing.\nnpm error\nnpm error Missing: @emnapi/core@1.11.1 from lock file\nnpm error Missing: @emnapi/runtime@1.11.1 from lock file\nnpm error Missing: @emnapi/wasi-threads@1.2.2 from lock file\nnpm error Missing: @emnapi/core@1.10.0 from lock file\nnpm error Missing: @emnapi/runtime@1.10.0 from lock file\nnpm error Missing: @emnapi/wasi-threads@1.2.1 from lock file\nnpm error\nnpm error Clean install a project\nnpm error\nnpm error Usage:\nnpm error npm ci\nnpm error\nnpm error Options:\nnpm error [--install-strategy <hoisted|nested|shallow|linked>] [--legacy-bundling]\nnpm error [--global-style] [--omit <dev|optional|peer> [--omit <dev|optional|peer> ...]]\nnpm error [--include <prod|dev|optional|peer> [--include <prod|dev|optional|peer> ...]]\nnpm error [--strict-peer-deps] [--foreground-scripts] [--ignore-scripts]\nnpm error [--allow-git <all|none|root>] [--no-audit] [--no-bin-links] [--no-fund]\nnpm error [--dry-run]\nnpm error [-w|--workspace <workspace-name> [-w|--workspace <workspace-name> ...]]\nnpm error [--workspaces] [--include-workspace-root] [--install-links]\nnpm error\nnpm error   --install-strategy\nnpm error     Sets the strategy for installing packages in node_modules.\nnpm error\nnpm error   --legacy-bundling\nnpm error     Instead of hoisting package installs in `node_modules`, install packages\nnpm error\nnpm error   --global-style\nnpm error     Only install direct dependencies in the top level `node_modules`,\nnpm error\nnpm error   --omit\nnpm error     Dependency types to omit from the installation tree on disk.\nnpm error\nnpm error   --include\nnpm error     Option that allows for defining which types of dependencies to install.\nnpm error\nnpm error   --strict-peer-deps\nnpm error     If set to `true`, and `--legacy-peer-deps` is not set, then _any_\nnpm error\nnpm error   --foreground-scripts\nnpm error     Run all build scripts (ie, `preinstall`, `install`, and\nnpm error\nnpm error   --ignore-scripts\nnpm error     If true, npm does not run scripts specified in package.json files.\nnpm error\nnpm error   --allow-git\nnpm error     Limits the ability for npm to fetch dependencies from git references.\nnpm error\nnpm error   --audit\nnpm error     When \"true\" submit audit reports alongside the current npm command to the\nnpm error\nnpm error   --bin-links\nnpm error     Tells npm to create symlinks (or `.cmd` shims on Windows) for package\nnpm error\nnpm error   --fund\nnpm error     When \"true\" displays the message at the end of each `npm install`\nnpm error\nnpm error   --dry-run\nnpm error     Indicates that you don't want npm to make any changes and that it should\nnpm error\nnpm error   -w|--workspace\nnpm error     Enable running a command in the context of the configured workspaces of the\nnpm error\nnpm error   --workspaces\nnpm error     Set to true to run the command in the context of **all** configured\nnpm error\nnpm error   --include-workspace-root\nnpm error     Include the workspace root when workspaces are enabled for a command.\nnpm error\nnpm error   --install-links\nnpm error     When set file: protocol dependencies will be packed and installed as\nnpm error\nnpm error\nnpm error aliases: clean-install, ic, install-clean, isntall-clean\nnpm error\nnpm error Run \"npm help ci\" for more info\nnpm error A complete log of this run can be found in: /www-data-home/.npm/_logs/2026-06-13T15_16_55_929Z-debug-0.log. For more details see the logs at https://console.cloud.google.com/cloud-build/builds;region=us-central1/86255af9-8c14-4bb3-b78f-da596a8956f8?project=135750495924."
    },
    "status": 3,
    "code": 3
  }
}
[debug] [2026-06-13T15:17:27.195Z] Error: Failed to update function syncWeeklyChallengeActive in region us-central1
    at /opt/homebrew/lib/node_modules/firebase-tools/lib/deploy/functions/release/fabricator.js:441:19
    at process.processTicksAndRejections (node:internal/process/task_queues:103:5)
    at async Fabricator.updateV2Function (/opt/homebrew/lib/node_modules/firebase-tools/lib/deploy/functions/release/fabricator.js:425:32)
    at async Fabricator.updateEndpoint (/opt/homebrew/lib/node_modules/firebase-tools/lib/deploy/functions/release/fabricator.js:161:13)
    at async handle (/opt/homebrew/lib/node_modules/firebase-tools/lib/deploy/functions/release/fabricator.js:90:17)
[error] 
[error] Error: There was an error deploying functions
[debug] [2026-06-13T15:19:29.891Z] ----------------------------------------------------------------------
[debug] [2026-06-13T15:19:29.892Z] Command:       /opt/homebrew/Cellar/node/25.2.1/bin/node /opt/homebrew/bin/firebase deploy --only functions
[debug] [2026-06-13T15:19:29.892Z] CLI Version:   15.5.1
[debug] [2026-06-13T15:19:29.892Z] Platform:      darwin
[debug] [2026-06-13T15:19:29.892Z] Node Version:  v25.2.1
[debug] [2026-06-13T15:19:29.892Z] Time:          Sat Jun 13 2026 08:19:29 GMT-0700 (Pacific Daylight Time)
[debug] [2026-06-13T15:19:29.892Z] ----------------------------------------------------------------------
[debug] 
[debug] [2026-06-13T15:19:30.437Z] > command requires scopes: ["email","openid","https://www.googleapis.com/auth/cloudplatformprojects.readonly","https://www.googleapis.com/auth/firebase","https://www.googleapis.com/auth/cloud-platform"]
[debug] [2026-06-13T15:19:30.437Z] > authorizing via signed-in user (bretc213@gmail.com)
[debug] [2026-06-13T15:19:30.437Z] [iam] checking project best-man-challenge for permissions ["cloudfunctions.functions.create","cloudfunctions.functions.delete","cloudfunctions.functions.get","cloudfunctions.functions.list","cloudfunctions.functions.update","cloudfunctions.operations.get","firebase.projects.get"]
[debug] [2026-06-13T15:19:30.437Z] Checked if tokens are valid: true, expires at: 1781365693286
[debug] [2026-06-13T15:19:30.437Z] Checked if tokens are valid: true, expires at: 1781365693286
[debug] [2026-06-13T15:19:30.437Z] >>> [apiv2][query] POST https://cloudresourcemanager.googleapis.com/v1/projects/best-man-challenge:testIamPermissions [none]
[debug] [2026-06-13T15:19:30.437Z] >>> [apiv2][(partial)header] POST https://cloudresourcemanager.googleapis.com/v1/projects/best-man-challenge:testIamPermissions  x-goog-user-project=best-man-challenge
[debug] [2026-06-13T15:19:30.437Z] >>> [apiv2][body] POST https://cloudresourcemanager.googleapis.com/v1/projects/best-man-challenge:testIamPermissions {"permissions":["cloudfunctions.functions.create","cloudfunctions.functions.delete","cloudfunctions.functions.get","cloudfunctions.functions.list","cloudfunctions.functions.update","cloudfunctions.operations.get","firebase.projects.get"]}
[debug] [2026-06-13T15:19:30.716Z] <<< [apiv2][status] POST https://cloudresourcemanager.googleapis.com/v1/projects/best-man-challenge:testIamPermissions 200
[debug] [2026-06-13T15:19:30.716Z] <<< [apiv2][body] POST https://cloudresourcemanager.googleapis.com/v1/projects/best-man-challenge:testIamPermissions {"permissions":["cloudfunctions.functions.create","cloudfunctions.functions.delete","cloudfunctions.functions.get","cloudfunctions.functions.list","cloudfunctions.functions.update","cloudfunctions.operations.get","firebase.projects.get"]}
[debug] [2026-06-13T15:19:30.716Z] Checked if tokens are valid: true, expires at: 1781365693286
[debug] [2026-06-13T15:19:30.716Z] Checked if tokens are valid: true, expires at: 1781365693286
[debug] [2026-06-13T15:19:30.717Z] >>> [apiv2][query] POST https://iam.googleapis.com/v1/projects/best-man-challenge/serviceAccounts/best-man-challenge@appspot.gserviceaccount.com:testIamPermissions [none]
[debug] [2026-06-13T15:19:30.717Z] >>> [apiv2][body] POST https://iam.googleapis.com/v1/projects/best-man-challenge/serviceAccounts/best-man-challenge@appspot.gserviceaccount.com:testIamPermissions {"permissions":["iam.serviceAccounts.actAs"]}
[debug] [2026-06-13T15:19:31.164Z] <<< [apiv2][status] POST https://iam.googleapis.com/v1/projects/best-man-challenge/serviceAccounts/best-man-challenge@appspot.gserviceaccount.com:testIamPermissions 200
[debug] [2026-06-13T15:19:31.164Z] <<< [apiv2][body] POST https://iam.googleapis.com/v1/projects/best-man-challenge/serviceAccounts/best-man-challenge@appspot.gserviceaccount.com:testIamPermissions {"permissions":["iam.serviceAccounts.actAs"]}
[info] 
[info] === Deploying to 'best-man-challenge'...
[info] 
[info] i  deploying functions 
[info] Running command: npm --prefix "$RESOURCE_DIR" run build
[info] ✔  functions: Finished running predeploy script. 
[debug] [2026-06-13T15:19:33.242Z] Checked if tokens are valid: true, expires at: 1781365693286
[debug] [2026-06-13T15:19:33.242Z] Checked if tokens are valid: true, expires at: 1781365693286
[debug] [2026-06-13T15:19:33.243Z] >>> [apiv2][query] GET https://cloudresourcemanager.googleapis.com/v1/projects/best-man-challenge [none]
[debug] [2026-06-13T15:19:33.367Z] <<< [apiv2][status] GET https://cloudresourcemanager.googleapis.com/v1/projects/best-man-challenge 200
[debug] [2026-06-13T15:19:33.367Z] <<< [apiv2][body] GET https://cloudresourcemanager.googleapis.com/v1/projects/best-man-challenge {"projectNumber":"135750495924","projectId":"best-man-challenge","lifecycleState":"ACTIVE","name":"Best Man Challenge","labels":{"firebase":"enabled","firebase-core":"disabled"},"createTime":"2025-05-23T23:22:24.269714Z"}
[info] i  functions: preparing codebase default for deployment 
[info] i  functions: ensuring required API cloudfunctions.googleapis.com is enabled... 
[info] i  functions: ensuring required API cloudbuild.googleapis.com is enabled... 
[info] i  artifactregistry: ensuring required API artifactregistry.googleapis.com is enabled... 
[debug] [2026-06-13T15:19:33.368Z] Checked if tokens are valid: true, expires at: 1781365693286
[debug] [2026-06-13T15:19:33.368Z] Checked if tokens are valid: true, expires at: 1781365693286
[debug] [2026-06-13T15:19:33.368Z] >>> [apiv2][query] GET https://firebase.googleapis.com/v1beta1/projects/best-man-challenge/adminSdkConfig [none]
[debug] [2026-06-13T15:19:33.657Z] <<< [apiv2][status] GET https://firebase.googleapis.com/v1beta1/projects/best-man-challenge/adminSdkConfig 200
[debug] [2026-06-13T15:19:33.657Z] <<< [apiv2][body] GET https://firebase.googleapis.com/v1beta1/projects/best-man-challenge/adminSdkConfig {"projectId":"best-man-challenge","storageBucket":"best-man-challenge.firebasestorage.app"}
[debug] [2026-06-13T15:19:33.657Z] Checked if tokens are valid: true, expires at: 1781365693286
[debug] [2026-06-13T15:19:33.657Z] Checked if tokens are valid: true, expires at: 1781365693286
[debug] [2026-06-13T15:19:33.657Z] >>> [apiv2][query] GET https://runtimeconfig.googleapis.com/v1beta1/projects/best-man-challenge/configs [none]
[debug] [2026-06-13T15:19:33.859Z] <<< [apiv2][status] GET https://runtimeconfig.googleapis.com/v1beta1/projects/best-man-challenge/configs 200
[debug] [2026-06-13T15:19:33.859Z] <<< [apiv2][body] GET https://runtimeconfig.googleapis.com/v1beta1/projects/best-man-challenge/configs {}
[debug] [2026-06-13T15:19:33.861Z] Validating nodejs source
[debug] [2026-06-13T15:19:34.207Z] > [functions] package.json contents: {
  "name": "functions",
  "scripts": {
    "lint": "eslint --ext .js,.ts .",
    "build": "tsc",
    "build:watch": "tsc --watch",
    "serve": "npm run build && firebase emulators:start --only functions",
    "shell": "npm run build && firebase functions:shell",
    "start": "npm run shell",
    "deploy": "firebase deploy --only functions",
    "logs": "firebase functions:log"
  },
  "engines": {
    "node": "24"
  },
  "main": "lib/index.js",
  "dependencies": {
    "firebase-admin": "^13.6.0",
    "firebase-functions": "^7.0.0"
  },
  "devDependencies": {
    "@typescript-eslint/eslint-plugin": "^5.12.0",
    "@typescript-eslint/parser": "^5.12.0",
    "eslint": "^8.9.0",
    "eslint-config-google": "^0.14.0",
    "eslint-plugin-import": "^2.25.4",
    "firebase-functions-test": "^3.4.1",
    "typescript": "^5.7.3"
  },
  "private": true
}
[debug] [2026-06-13T15:19:34.207Z] Building nodejs source
[info] i  functions: Loading and analyzing source code for codebase default to determine what to deploy 
[debug] [2026-06-13T15:19:34.207Z] Could not find functions.yaml. Must use http discovery
[debug] [2026-06-13T15:19:34.213Z] Found firebase-functions binary at '/Users/bclem213/Desktop/Health and Wellness/Life/Wedding/Best Man Challenge/Best Man Challenge/functions/node_modules/.bin/firebase-functions'
[info] Serving at port 8976

[debug] [2026-06-13T15:19:34.392Z] Got response from /__/functions.yaml {"endpoints":{"syncWeeklyChallengeActive":{"availableMemoryMb":null,"timeoutSeconds":null,"minInstances":null,"maxInstances":null,"ingressSettings":null,"concurrency":null,"serviceAccountEmail":null,"vpc":null,"platform":"gcfv2","labels":{},"scheduleTrigger":{"schedule":"every 1 hours","retryConfig":{},"timeZone":"America/Chicago"},"entryPoint":"syncWeeklyChallengeActive"}},"specVersion":"v1alpha1","requiredAPIs":[{"api":"cloudscheduler.googleapis.com","reason":"Needed for scheduled functions."}],"extensions":{}}
[info] i  extensions: ensuring required API firebaseextensions.googleapis.com is enabled... 
[debug] [2026-06-13T15:19:38.414Z] > command requires scopes: ["email","openid","https://www.googleapis.com/auth/cloudplatformprojects.readonly","https://www.googleapis.com/auth/firebase","https://www.googleapis.com/auth/cloud-platform"]
[debug] [2026-06-13T15:19:38.414Z] > authorizing via signed-in user (bretc213@gmail.com)
[debug] [2026-06-13T15:19:38.414Z] [iam] checking project best-man-challenge for permissions ["firebase.projects.get","firebaseextensions.instances.list"]
[debug] [2026-06-13T15:19:38.414Z] Checked if tokens are valid: true, expires at: 1781365693286
[debug] [2026-06-13T15:19:38.414Z] Checked if tokens are valid: true, expires at: 1781365693286
[debug] [2026-06-13T15:19:38.415Z] >>> [apiv2][query] POST https://cloudresourcemanager.googleapis.com/v1/projects/best-man-challenge:testIamPermissions [none]
[debug] [2026-06-13T15:19:38.415Z] >>> [apiv2][(partial)header] POST https://cloudresourcemanager.googleapis.com/v1/projects/best-man-challenge:testIamPermissions  x-goog-user-project=best-man-challenge
[debug] [2026-06-13T15:19:38.415Z] >>> [apiv2][body] POST https://cloudresourcemanager.googleapis.com/v1/projects/best-man-challenge:testIamPermissions {"permissions":["firebase.projects.get","firebaseextensions.instances.list"]}
[debug] [2026-06-13T15:19:38.728Z] <<< [apiv2][status] POST https://cloudresourcemanager.googleapis.com/v1/projects/best-man-challenge:testIamPermissions 200
[debug] [2026-06-13T15:19:38.728Z] <<< [apiv2][body] POST https://cloudresourcemanager.googleapis.com/v1/projects/best-man-challenge:testIamPermissions {"permissions":["firebase.projects.get","firebaseextensions.instances.list"]}
[debug] [2026-06-13T15:19:38.729Z] Checked if tokens are valid: true, expires at: 1781365693286
[debug] [2026-06-13T15:19:38.729Z] Checked if tokens are valid: true, expires at: 1781365693286
[debug] [2026-06-13T15:19:38.730Z] >>> [apiv2][query] GET https://firebaseextensions.googleapis.com/v1beta/projects/best-man-challenge/instances pageSize=100&pageToken=
[debug] [2026-06-13T15:19:39.275Z] <<< [apiv2][status] GET https://firebaseextensions.googleapis.com/v1beta/projects/best-man-challenge/instances 200
[debug] [2026-06-13T15:19:39.275Z] <<< [apiv2][body] GET https://firebaseextensions.googleapis.com/v1beta/projects/best-man-challenge/instances {}
[info] i  functions: preparing functions directory for uploading... 
[info] i  functions: packaged /Users/bclem213/Desktop/Health and Wellness/Life/Wedding/Best Man Challenge/Best Man Challenge/functions (38.39 KB) for uploading 
[debug] [2026-06-13T15:19:39.309Z] Checked if tokens are valid: true, expires at: 1781365693286
[debug] [2026-06-13T15:19:39.309Z] Checked if tokens are valid: true, expires at: 1781365693286
[debug] [2026-06-13T15:19:39.309Z] >>> [apiv2][query] GET https://cloudfunctions.googleapis.com/v1/projects/best-man-challenge/locations/-/functions [none]
[debug] [2026-06-13T15:19:39.789Z] <<< [apiv2][status] GET https://cloudfunctions.googleapis.com/v1/projects/best-man-challenge/locations/-/functions 200
[debug] [2026-06-13T15:19:39.789Z] <<< [apiv2][body] GET https://cloudfunctions.googleapis.com/v1/projects/best-man-challenge/locations/-/functions {}
[debug] [2026-06-13T15:19:39.789Z] Checked if tokens are valid: true, expires at: 1781365693286
[debug] [2026-06-13T15:19:39.789Z] Checked if tokens are valid: true, expires at: 1781365693286
[debug] [2026-06-13T15:19:39.790Z] >>> [apiv2][query] GET https://cloudfunctions.googleapis.com/v2/projects/best-man-challenge/locations/-/functions filter=environment%3D%22GEN_2%22
[debug] [2026-06-13T15:19:40.353Z] <<< [apiv2][status] GET https://cloudfunctions.googleapis.com/v2/projects/best-man-challenge/locations/-/functions 200
[debug] [2026-06-13T15:19:40.353Z] <<< [apiv2][body] GET https://cloudfunctions.googleapis.com/v2/projects/best-man-challenge/locations/-/functions {"functions":[{"name":"projects/best-man-challenge/locations/us-central1/functions/syncWeeklyChallengeActive","buildConfig":{"build":"projects/135750495924/locations/us-central1/builds/972de1f4-6a7e-4850-a63a-bddcfb037fa9","runtime":"nodejs24","entryPoint":"syncWeeklyChallengeActive","source":{"storageSource":{"bucket":"gcf-v2-sources-135750495924-us-central1","object":"syncWeeklyChallengeActive/function-source.zip","generation":"1781362948162028"}},"environmentVariables":{"GOOGLE_NODE_RUN_SCRIPTS":""},"dockerRepository":"projects/best-man-challenge/locations/us-central1/repositories/gcf-artifacts","sourceProvenance":{"resolvedStorageSource":{"bucket":"gcf-v2-sources-135750495924-us-central1","object":"syncWeeklyChallengeActive/function-source.zip","generation":"1781362948162028"}},"dockerRegistry":"ARTIFACT_REGISTRY","serviceAccount":"projects/best-man-challenge/serviceAccounts/135750495924-compute@developer.gserviceaccount.com","automaticUpdatePolicy":{}},"state":"UNKNOWN","updateTime":"2026-06-13T15:17:20.708921124Z","labels":{"deployment-tool":"cli-firebase","deployment-scheduled":"true","firebase-functions-hash":"eceac0b3ab3293f859171b7264e5bea8ef954cbc"},"stateMessages":[{"severity":"ERROR","type":"CloudRunServiceNotFound","message":"Cloud Run service projects/best-man-challenge/locations/us-central1/services/syncweeklychallengeactive for the function was not found. The function will not work correctly. Please redeploy."}],"environment":"GEN_2","url":"https://us-central1-best-man-challenge.cloudfunctions.net/syncWeeklyChallengeActive","createTime":"2026-06-13T15:02:28.541947511Z","satisfiesPzi":true}]}
[info] i  functions: ensuring required API cloudscheduler.googleapis.com is enabled... 
[info] i  functions: ensuring required API run.googleapis.com is enabled... 
[info] i  functions: ensuring required API eventarc.googleapis.com is enabled... 
[info] i  functions: ensuring required API pubsub.googleapis.com is enabled... 
[info] i  functions: ensuring required API storage.googleapis.com is enabled... 
[info] i  functions: generating the service identity for pubsub.googleapis.com... 
[debug] [2026-06-13T15:19:40.357Z] Checked if tokens are valid: true, expires at: 1781365693286
[debug] [2026-06-13T15:19:40.357Z] Checked if tokens are valid: true, expires at: 1781365693286
[info] i  functions: generating the service identity for eventarc.googleapis.com... 
[debug] [2026-06-13T15:19:40.357Z] Checked if tokens are valid: true, expires at: 1781365693286
[debug] [2026-06-13T15:19:40.357Z] Checked if tokens are valid: true, expires at: 1781365693286
[debug] [2026-06-13T15:19:40.358Z] >>> [apiv2][query] POST https://serviceusage.googleapis.com/v1beta1/projects/135750495924/services/pubsub.googleapis.com:generateServiceIdentity [none]
[debug] [2026-06-13T15:19:40.358Z] >>> [apiv2][(partial)header] POST https://serviceusage.googleapis.com/v1beta1/projects/135750495924/services/pubsub.googleapis.com:generateServiceIdentity  x-goog-user-project=135750495924
[debug] [2026-06-13T15:19:40.358Z] >>> [apiv2][body] POST https://serviceusage.googleapis.com/v1beta1/projects/135750495924/services/pubsub.googleapis.com:generateServiceIdentity {}
[debug] [2026-06-13T15:19:40.359Z] >>> [apiv2][query] POST https://serviceusage.googleapis.com/v1beta1/projects/135750495924/services/eventarc.googleapis.com:generateServiceIdentity [none]
[debug] [2026-06-13T15:19:40.359Z] >>> [apiv2][(partial)header] POST https://serviceusage.googleapis.com/v1beta1/projects/135750495924/services/eventarc.googleapis.com:generateServiceIdentity  x-goog-user-project=135750495924
[debug] [2026-06-13T15:19:40.359Z] >>> [apiv2][body] POST https://serviceusage.googleapis.com/v1beta1/projects/135750495924/services/eventarc.googleapis.com:generateServiceIdentity {}
[debug] [2026-06-13T15:19:40.853Z] <<< [apiv2][status] POST https://serviceusage.googleapis.com/v1beta1/projects/135750495924/services/eventarc.googleapis.com:generateServiceIdentity 200
[debug] [2026-06-13T15:19:40.853Z] <<< [apiv2][body] POST https://serviceusage.googleapis.com/v1beta1/projects/135750495924/services/eventarc.googleapis.com:generateServiceIdentity {"name":"operations/finished.DONE_OPERATION","done":true,"response":{"@type":"type.googleapis.com/google.api.serviceusage.v1beta1.ServiceIdentity","email":"service-135750495924@gcp-sa-eventarc.iam.gserviceaccount.com","uniqueId":"104979216506323776079"}}
[debug] [2026-06-13T15:19:41.001Z] <<< [apiv2][status] POST https://serviceusage.googleapis.com/v1beta1/projects/135750495924/services/pubsub.googleapis.com:generateServiceIdentity 200
[debug] [2026-06-13T15:19:41.001Z] <<< [apiv2][body] POST https://serviceusage.googleapis.com/v1beta1/projects/135750495924/services/pubsub.googleapis.com:generateServiceIdentity {"name":"operations/finished.DONE_OPERATION","done":true,"response":{"@type":"type.googleapis.com/google.api.serviceusage.v1beta1.ServiceIdentity","email":"service-135750495924@gcp-sa-pubsub.iam.gserviceaccount.com","uniqueId":"109911672735986576751"}}
[debug] [2026-06-13T15:19:41.004Z] Checked if tokens are valid: true, expires at: 1781365693286
[debug] [2026-06-13T15:19:41.005Z] Checked if tokens are valid: true, expires at: 1781365693286
[debug] [2026-06-13T15:19:41.005Z] >>> [apiv2][query] GET https://cloudresourcemanager.googleapis.com/v1/projects/best-man-challenge [none]
[debug] [2026-06-13T15:19:41.116Z] <<< [apiv2][status] GET https://cloudresourcemanager.googleapis.com/v1/projects/best-man-challenge 200
[debug] [2026-06-13T15:19:41.116Z] <<< [apiv2][body] GET https://cloudresourcemanager.googleapis.com/v1/projects/best-man-challenge {"projectNumber":"135750495924","projectId":"best-man-challenge","lifecycleState":"ACTIVE","name":"Best Man Challenge","labels":{"firebase":"enabled","firebase-core":"disabled"},"createTime":"2025-05-23T23:22:24.269714Z"}
[debug] [2026-06-13T15:19:41.116Z] Checked if tokens are valid: true, expires at: 1781365693286
[debug] [2026-06-13T15:19:41.117Z] Checked if tokens are valid: true, expires at: 1781365693286
[debug] [2026-06-13T15:19:41.117Z] >>> [apiv2][query] GET https://compute.googleapis.com/compute/v1/projects/135750495924 [none]
[debug] [2026-06-13T15:19:41.356Z] <<< [apiv2][status] GET https://compute.googleapis.com/compute/v1/projects/135750495924 403
[debug] [2026-06-13T15:19:41.356Z] <<< [apiv2][body] GET https://compute.googleapis.com/compute/v1/projects/135750495924 {"error":{"code":403,"message":"Compute Engine API has not been used in project 135750495924 before or it is disabled. Enable it by visiting https://console.developers.google.com/apis/api/compute.googleapis.com/overview?project=135750495924 then retry. If you enabled this API recently, wait a few minutes for the action to propagate to our systems and retry.","errors":[{"message":"Compute Engine API has not been used in project 135750495924 before or it is disabled. Enable it by visiting https://console.developers.google.com/apis/api/compute.googleapis.com/overview?project=135750495924 then retry. If you enabled this API recently, wait a few minutes for the action to propagate to our systems and retry.","domain":"usageLimits","reason":"accessNotConfigured","extendedHelp":"https://console.developers.google.com"}],"status":"PERMISSION_DENIED","details":[{"@type":"type.googleapis.com/google.rpc.ErrorInfo","reason":"SERVICE_DISABLED","domain":"googleapis.com","metadata":{"service":"compute.googleapis.com","containerInfo":"135750495924","activationUrl":"https://console.developers.google.com/apis/api/compute.googleapis.com/overview?project=135750495924","consumer":"projects/135750495924","serviceTitle":"Compute Engine API"}},{"@type":"type.googleapis.com/google.rpc.LocalizedMessage","locale":"en-US","message":"Compute Engine API has not been used in project 135750495924 before or it is disabled. Enable it by visiting https://console.developers.google.com/apis/api/compute.googleapis.com/overview?project=135750495924 then retry. If you enabled this API recently, wait a few minutes for the action to propagate to our systems and retry."},{"@type":"type.googleapis.com/google.rpc.Help","links":[{"description":"Google developers console API activation","url":"https://console.developers.google.com/apis/api/compute.googleapis.com/overview?project=135750495924"}]}]}}
[debug] [2026-06-13T15:19:41.357Z] unable to look up default compute service account. Falling back to 135750495924-compute@developer.gserviceaccount.com. Error: {"name":"FirebaseError","children":[],"context":{"body":{"error":{"code":403,"message":"Compute Engine API has not been used in project 135750495924 before or it is disabled. Enable it by visiting https://console.developers.google.com/apis/api/compute.googleapis.com/overview?project=135750495924 then retry. If you enabled this API recently, wait a few minutes for the action to propagate to our systems and retry.","errors":[{"message":"Compute Engine API has not been used in project 135750495924 before or it is disabled. Enable it by visiting https://console.developers.google.com/apis/api/compute.googleapis.com/overview?project=135750495924 then retry. If you enabled this API recently, wait a few minutes for the action to propagate to our systems and retry.","domain":"usageLimits","reason":"accessNotConfigured","extendedHelp":"https://console.developers.google.com"}],"status":"PERMISSION_DENIED","details":[{"@type":"type.googleapis.com/google.rpc.ErrorInfo","reason":"SERVICE_DISABLED","domain":"googleapis.com","metadata":{"service":"compute.googleapis.com","containerInfo":"135750495924","activationUrl":"https://console.developers.google.com/apis/api/compute.googleapis.com/overview?project=135750495924","consumer":"projects/135750495924","serviceTitle":"Compute Engine API"}},{"@type":"type.googleapis.com/google.rpc.LocalizedMessage","locale":"en-US","message":"Compute Engine API has not been used in project 135750495924 before or it is disabled. Enable it by visiting https://console.developers.google.com/apis/api/compute.googleapis.com/overview?project=135750495924 then retry. If you enabled this API recently, wait a few minutes for the action to propagate to our systems and retry."},{"@type":"type.googleapis.com/google.rpc.Help","links":[{"description":"Google developers console API activation","url":"https://console.developers.google.com/apis/api/compute.googleapis.com/overview?project=135750495924"}]}]}},"response":{"statusCode":403}},"exit":1,"message":"Request to https://compute.googleapis.com/compute/v1/projects/135750495924 had HTTP Error: 403, Compute Engine API has not been used in project 135750495924 before or it is disabled. Enable it by visiting https://console.developers.google.com/apis/api/compute.googleapis.com/overview?project=135750495924 then retry. If you enabled this API recently, wait a few minutes for the action to propagate to our systems and retry.","status":403}
[debug] [2026-06-13T15:19:41.357Z] Checked if tokens are valid: true, expires at: 1781365693286
[debug] [2026-06-13T15:19:41.357Z] Checked if tokens are valid: true, expires at: 1781365693286
[debug] [2026-06-13T15:19:41.358Z] >>> [apiv2][query] GET https://compute.googleapis.com/compute/v1/projects/135750495924 [none]
[debug] [2026-06-13T15:19:41.500Z] <<< [apiv2][status] GET https://compute.googleapis.com/compute/v1/projects/135750495924 403
[debug] [2026-06-13T15:19:41.500Z] <<< [apiv2][body] GET https://compute.googleapis.com/compute/v1/projects/135750495924 {"error":{"code":403,"message":"Compute Engine API has not been used in project 135750495924 before or it is disabled. Enable it by visiting https://console.developers.google.com/apis/api/compute.googleapis.com/overview?project=135750495924 then retry. If you enabled this API recently, wait a few minutes for the action to propagate to our systems and retry.","errors":[{"message":"Compute Engine API has not been used in project 135750495924 before or it is disabled. Enable it by visiting https://console.developers.google.com/apis/api/compute.googleapis.com/overview?project=135750495924 then retry. If you enabled this API recently, wait a few minutes for the action to propagate to our systems and retry.","domain":"usageLimits","reason":"accessNotConfigured","extendedHelp":"https://console.developers.google.com"}],"status":"PERMISSION_DENIED","details":[{"@type":"type.googleapis.com/google.rpc.ErrorInfo","reason":"SERVICE_DISABLED","domain":"googleapis.com","metadata":{"consumer":"projects/135750495924","activationUrl":"https://console.developers.google.com/apis/api/compute.googleapis.com/overview?project=135750495924","serviceTitle":"Compute Engine API","service":"compute.googleapis.com","containerInfo":"135750495924"}},{"@type":"type.googleapis.com/google.rpc.LocalizedMessage","locale":"en-US","message":"Compute Engine API has not been used in project 135750495924 before or it is disabled. Enable it by visiting https://console.developers.google.com/apis/api/compute.googleapis.com/overview?project=135750495924 then retry. If you enabled this API recently, wait a few minutes for the action to propagate to our systems and retry."},{"@type":"type.googleapis.com/google.rpc.Help","links":[{"description":"Google developers console API activation","url":"https://console.developers.google.com/apis/api/compute.googleapis.com/overview?project=135750495924"}]}]}}
[debug] [2026-06-13T15:19:41.501Z] unable to look up default compute service account. Falling back to 135750495924-compute@developer.gserviceaccount.com. Error: {"name":"FirebaseError","children":[],"context":{"body":{"error":{"code":403,"message":"Compute Engine API has not been used in project 135750495924 before or it is disabled. Enable it by visiting https://console.developers.google.com/apis/api/compute.googleapis.com/overview?project=135750495924 then retry. If you enabled this API recently, wait a few minutes for the action to propagate to our systems and retry.","errors":[{"message":"Compute Engine API has not been used in project 135750495924 before or it is disabled. Enable it by visiting https://console.developers.google.com/apis/api/compute.googleapis.com/overview?project=135750495924 then retry. If you enabled this API recently, wait a few minutes for the action to propagate to our systems and retry.","domain":"usageLimits","reason":"accessNotConfigured","extendedHelp":"https://console.developers.google.com"}],"status":"PERMISSION_DENIED","details":[{"@type":"type.googleapis.com/google.rpc.ErrorInfo","reason":"SERVICE_DISABLED","domain":"googleapis.com","metadata":{"consumer":"projects/135750495924","activationUrl":"https://console.developers.google.com/apis/api/compute.googleapis.com/overview?project=135750495924","serviceTitle":"Compute Engine API","service":"compute.googleapis.com","containerInfo":"135750495924"}},{"@type":"type.googleapis.com/google.rpc.LocalizedMessage","locale":"en-US","message":"Compute Engine API has not been used in project 135750495924 before or it is disabled. Enable it by visiting https://console.developers.google.com/apis/api/compute.googleapis.com/overview?project=135750495924 then retry. If you enabled this API recently, wait a few minutes for the action to propagate to our systems and retry."},{"@type":"type.googleapis.com/google.rpc.Help","links":[{"description":"Google developers console API activation","url":"https://console.developers.google.com/apis/api/compute.googleapis.com/overview?project=135750495924"}]}]}},"response":{"statusCode":403}},"exit":1,"message":"Request to https://compute.googleapis.com/compute/v1/projects/135750495924 had HTTP Error: 403, Compute Engine API has not been used in project 135750495924 before or it is disabled. Enable it by visiting https://console.developers.google.com/apis/api/compute.googleapis.com/overview?project=135750495924 then retry. If you enabled this API recently, wait a few minutes for the action to propagate to our systems and retry.","status":403}
[debug] [2026-06-13T15:19:41.502Z] Checked if tokens are valid: true, expires at: 1781365693286
[debug] [2026-06-13T15:19:41.502Z] Checked if tokens are valid: true, expires at: 1781365693286
[debug] [2026-06-13T15:19:41.502Z] >>> [apiv2][query] GET https://cloudbilling.googleapis.com/v1/projects/best-man-challenge/billingInfo [none]
[debug] [2026-06-13T15:19:41.950Z] <<< [apiv2][status] GET https://cloudbilling.googleapis.com/v1/projects/best-man-challenge/billingInfo 200
[debug] [2026-06-13T15:19:41.951Z] <<< [apiv2][body] GET https://cloudbilling.googleapis.com/v1/projects/best-man-challenge/billingInfo {"name":"projects/best-man-challenge/billingInfo","projectId":"best-man-challenge","billingAccountName":"billingAccounts/019CC9-DE5192-1BF39F","billingEnabled":true}
[debug] [2026-06-13T15:19:41.953Z] Checked if tokens are valid: true, expires at: 1781365693286
[debug] [2026-06-13T15:19:41.953Z] Checked if tokens are valid: true, expires at: 1781365693286
[debug] [2026-06-13T15:19:41.953Z] >>> [apiv2][query] POST https://cloudfunctions.googleapis.com/v2/projects/best-man-challenge/locations/us-central1/functions:generateUploadUrl [none]
[debug] [2026-06-13T15:19:42.136Z] <<< [apiv2][status] POST https://cloudfunctions.googleapis.com/v2/projects/best-man-challenge/locations/us-central1/functions:generateUploadUrl 200
[debug] [2026-06-13T15:19:42.136Z] <<< [apiv2][body] POST https://cloudfunctions.googleapis.com/v2/projects/best-man-challenge/locations/us-central1/functions:generateUploadUrl {"uploadUrl":"https://storage.googleapis.com/gcf-v2-uploads-135750495924.us-central1.cloudfunctions.appspot.com/d978ac32-ba84-4f48-9093-c94f303bcd71.zip?GoogleAccessId=service-135750495924@gcf-admin-robot.iam.gserviceaccount.com&Expires=1781365782&Signature=jXVWdFy8FVKrMLE2LWbR4qhaABjd9Im3S3EIlI3ViK9FKvzEvWjXfhQjFGhLOQs2Z0uGT4fW2Ero4sE220fSNWOwK6I0R5FEyfLHlIMJZtQeuEj5GvWbVmFPmPVxtv3nVCU9qy%2Bm3LKFCOISDgHY0%2FKO2B4CEl8Yb6DcC5H6OeSTruH%2BpLzoGzMr%2B%2BSmsPitgEj1gOMpGMA3hBza5V56YkTWSngIaQ%2B9F%2B%2BxB30jf5Ml%2FjP9S6QgIr1p3%2FDlmB0AFKROJJlcATfkrX9M5upbk%2F0%2BCsC6358jnJ%2Bc%2BNXXmWHt1H8R8egp8u%2BClpaj1vnLX%2BlN1isebkV%2BLZQGWloERA%3D%3D","storageSource":{"bucket":"gcf-v2-uploads-135750495924.us-central1.cloudfunctions.appspot.com","object":"d978ac32-ba84-4f48-9093-c94f303bcd71.zip"}}
[debug] [2026-06-13T15:19:42.138Z] >>> [apiv2][query] PUT https://storage.googleapis.com/gcf-v2-uploads-135750495924.us-central1.cloudfunctions.appspot.com/d978ac32-ba84-4f48-9093-c94f303bcd71.zip GoogleAccessId=service-135750495924%40gcf-admin-robot.iam.gserviceaccount.com&Expires=1781365782&Signature=jXVWdFy8FVKrMLE2LWbR4qhaABjd9Im3S3EIlI3ViK9FKvzEvWjXfhQjFGhLOQs2Z0uGT4fW2Ero4sE220fSNWOwK6I0R5FEyfLHlIMJZtQeuEj5GvWbVmFPmPVxtv3nVCU9qy%2Bm3LKFCOISDgHY0%2FKO2B4CEl8Yb6DcC5H6OeSTruH%2BpLzoGzMr%2B%2BSmsPitgEj1gOMpGMA3hBza5V56YkTWSngIaQ%2B9F%2B%2BxB30jf5Ml%2FjP9S6QgIr1p3%2FDlmB0AFKROJJlcATfkrX9M5upbk%2F0%2BCsC6358jnJ%2Bc%2BNXXmWHt1H8R8egp8u%2BClpaj1vnLX%2BlN1isebkV%2BLZQGWloERA%3D%3D
[debug] [2026-06-13T15:19:42.138Z] >>> [apiv2][body] PUT https://storage.googleapis.com/gcf-v2-uploads-135750495924.us-central1.cloudfunctions.appspot.com/d978ac32-ba84-4f48-9093-c94f303bcd71.zip [stream]
[debug] [2026-06-13T15:19:42.402Z] <<< [apiv2][status] PUT https://storage.googleapis.com/gcf-v2-uploads-135750495924.us-central1.cloudfunctions.appspot.com/d978ac32-ba84-4f48-9093-c94f303bcd71.zip 200
[debug] [2026-06-13T15:19:42.402Z] <<< [apiv2][body] PUT https://storage.googleapis.com/gcf-v2-uploads-135750495924.us-central1.cloudfunctions.appspot.com/d978ac32-ba84-4f48-9093-c94f303bcd71.zip [omitted]
[info] ✔  functions: functions source uploaded successfully 
[info] i  functions: updating Node.js 24 (2nd Gen) function syncWeeklyChallengeActive(us-central1)... 
[debug] [2026-06-13T15:19:42.407Z] Checked if tokens are valid: true, expires at: 1781365693286
[debug] [2026-06-13T15:19:42.407Z] Checked if tokens are valid: true, expires at: 1781365693286
[debug] [2026-06-13T15:19:42.407Z] >>> [apiv2][query] PATCH https://cloudfunctions.googleapis.com/v2/projects/best-man-challenge/locations/us-central1/functions/syncWeeklyChallengeActive updateMask=name%2CbuildConfig.runtime%2CbuildConfig.entryPoint%2CbuildConfig.source.storageSource.bucket%2CbuildConfig.source.storageSource.object%2CbuildConfig.environmentVariables%2CbuildConfig.sourceToken%2CserviceConfig.environmentVariables%2CserviceConfig.ingressSettings%2CserviceConfig.timeoutSeconds%2CserviceConfig.serviceAccountEmail%2CserviceConfig.availableMemory%2CserviceConfig.minInstanceCount%2CserviceConfig.maxInstanceCount%2CserviceConfig.maxInstanceRequestConcurrency%2CserviceConfig.availableCpu%2CserviceConfig.vpcConnector%2CserviceConfig.vpcConnectorEgressSettings%2Clabels
[debug] [2026-06-13T15:19:42.407Z] >>> [apiv2][body] PATCH https://cloudfunctions.googleapis.com/v2/projects/best-man-challenge/locations/us-central1/functions/syncWeeklyChallengeActive {"name":"projects/best-man-challenge/locations/us-central1/functions/syncWeeklyChallengeActive","buildConfig":{"runtime":"nodejs24","entryPoint":"syncWeeklyChallengeActive","source":{"storageSource":{"bucket":"gcf-v2-uploads-135750495924.us-central1.cloudfunctions.appspot.com","object":"d978ac32-ba84-4f48-9093-c94f303bcd71.zip"}},"environmentVariables":{"GOOGLE_NODE_RUN_SCRIPTS":""}},"serviceConfig":{"environmentVariables":{"FIREBASE_CONFIG":"{\"projectId\":\"best-man-challenge\",\"storageBucket\":\"best-man-challenge.firebasestorage.app\"}","GCLOUD_PROJECT":"best-man-challenge","EVENTARC_CLOUD_EVENT_SOURCE":"projects/best-man-challenge/locations/us-central1/services/syncWeeklyChallengeActive","FUNCTION_TARGET":"syncWeeklyChallengeActive","LOG_EXECUTION_ID":"true"},"ingressSettings":null,"timeoutSeconds":null,"serviceAccountEmail":null,"availableMemory":"256Mi","minInstanceCount":null,"maxInstanceCount":null,"maxInstanceRequestConcurrency":80,"availableCpu":"1","vpcConnector":null,"vpcConnectorEgressSettings":null},"labels":{"deployment-tool":"cli-firebase","deployment-scheduled":"true","firebase-functions-hash":"d5cc90dc09e4d3632b294481a8cbc6c2ead83536"}}
[debug] [2026-06-13T15:19:43.352Z] <<< [apiv2][status] PATCH https://cloudfunctions.googleapis.com/v2/projects/best-man-challenge/locations/us-central1/functions/syncWeeklyChallengeActive 200
[debug] [2026-06-13T15:19:43.352Z] <<< [apiv2][body] PATCH https://cloudfunctions.googleapis.com/v2/projects/best-man-challenge/locations/us-central1/functions/syncWeeklyChallengeActive {"name":"projects/best-man-challenge/locations/us-central1/operations/operation-1781363982507-654241f649e90-e67a3acb-602b58ae","metadata":{"@type":"type.googleapis.com/google.cloud.functions.v2.OperationMetadata","createTime":"2026-06-13T15:19:43.306174126Z","target":"projects/best-man-challenge/locations/us-central1/functions/syncWeeklyChallengeActive","verb":"update","cancelRequested":false,"apiVersion":"v2"},"done":false}
[debug] [2026-06-13T15:19:43.353Z] Checked if tokens are valid: true, expires at: 1781365693286
[debug] [2026-06-13T15:19:43.353Z] Checked if tokens are valid: true, expires at: 1781365693286
[debug] [2026-06-13T15:19:43.354Z] >>> [apiv2][query] GET https://cloudfunctions.googleapis.com/v2/projects/best-man-challenge/locations/us-central1/operations/operation-1781363982507-654241f649e90-e67a3acb-602b58ae [none]
[debug] [2026-06-13T15:19:43.459Z] <<< [apiv2][status] GET https://cloudfunctions.googleapis.com/v2/projects/best-man-challenge/locations/us-central1/operations/operation-1781363982507-654241f649e90-e67a3acb-602b58ae 200
[debug] [2026-06-13T15:19:43.459Z] <<< [apiv2][body] GET https://cloudfunctions.googleapis.com/v2/projects/best-man-challenge/locations/us-central1/operations/operation-1781363982507-654241f649e90-e67a3acb-602b58ae {"name":"projects/best-man-challenge/locations/us-central1/operations/operation-1781363982507-654241f649e90-e67a3acb-602b58ae","metadata":{"@type":"type.googleapis.com/google.cloud.functions.v2.OperationMetadata","createTime":"2026-06-13T15:19:43.306174126Z","target":"projects/best-man-challenge/locations/us-central1/functions/syncWeeklyChallengeActive","verb":"update","cancelRequested":false,"apiVersion":"v2"},"done":false}
[debug] [2026-06-13T15:19:43.961Z] [update-default-us-central1-syncWeeklyChallengeActive] Retrying task index 0
[debug] [2026-06-13T15:19:43.961Z] Checked if tokens are valid: true, expires at: 1781365693286
[debug] [2026-06-13T15:19:43.962Z] Checked if tokens are valid: true, expires at: 1781365693286
[debug] [2026-06-13T15:19:43.962Z] >>> [apiv2][query] GET https://cloudfunctions.googleapis.com/v2/projects/best-man-challenge/locations/us-central1/operations/operation-1781363982507-654241f649e90-e67a3acb-602b58ae [none]
[debug] [2026-06-13T15:19:44.265Z] <<< [apiv2][status] GET https://cloudfunctions.googleapis.com/v2/projects/best-man-challenge/locations/us-central1/operations/operation-1781363982507-654241f649e90-e67a3acb-602b58ae 200
[debug] [2026-06-13T15:19:44.265Z] <<< [apiv2][body] GET https://cloudfunctions.googleapis.com/v2/projects/best-man-challenge/locations/us-central1/operations/operation-1781363982507-654241f649e90-e67a3acb-602b58ae {"name":"projects/best-man-challenge/locations/us-central1/operations/operation-1781363982507-654241f649e90-e67a3acb-602b58ae","metadata":{"@type":"type.googleapis.com/google.cloud.functions.v2.OperationMetadata","createTime":"2026-06-13T15:19:43.306174126Z","target":"projects/best-man-challenge/locations/us-central1/functions/syncWeeklyChallengeActive","verb":"update","cancelRequested":false,"apiVersion":"v2","requestResource":{"@type":"type.googleapis.com/google.cloud.functions.v2.Function","name":"projects/best-man-challenge/locations/us-central1/functions/syncWeeklyChallengeActive","buildConfig":{"runtime":"nodejs24","entryPoint":"syncWeeklyChallengeActive","source":{"storageSource":{"bucket":"gcf-v2-sources-135750495924-us-central1","object":"syncWeeklyChallengeActive/function-source.zip","generation":"1781363983259941"}},"environmentVariables":{"GOOGLE_NODE_RUN_SCRIPTS":""},"dockerRepository":"projects/best-man-challenge/locations/us-central1/repositories/gcf-artifacts","sourceProvenance":{"resolvedStorageSource":{"bucket":"gcf-v2-sources-135750495924-us-central1","object":"syncWeeklyChallengeActive/function-source.zip","generation":"1781362948162028"}},"dockerRegistry":"ARTIFACT_REGISTRY","serviceAccount":"projects/best-man-challenge/serviceAccounts/135750495924-compute@developer.gserviceaccount.com","automaticUpdatePolicy":{}},"serviceConfig":{"service":"projects/best-man-challenge/locations/us-central1/services/syncweeklychallengeactive","timeoutSeconds":60,"environmentVariables":{"FIREBASE_CONFIG":"{\"projectId\":\"best-man-challenge\",\"storageBucket\":\"best-man-challenge.firebasestorage.app\"}","GCLOUD_PROJECT":"best-man-challenge","EVENTARC_CLOUD_EVENT_SOURCE":"projects/best-man-challenge/locations/us-central1/services/syncWeeklyChallengeActive","FUNCTION_TARGET":"syncWeeklyChallengeActive","LOG_EXECUTION_ID":"true"},"ingressSettings":"ALLOW_ALL","serviceAccountEmail":"135750495924-compute@developer.gserviceaccount.com","availableMemory":"256Mi","maxInstanceRequestConcurrency":80,"availableCpu":"1"},"state":"UNKNOWN","labels":{"deployment-scheduled":"true","firebase-functions-hash":"d5cc90dc09e4d3632b294481a8cbc6c2ead83536"},"stateMessages":[{"severity":"ERROR","type":"CloudRunServiceNotFound","message":"Cloud Run service projects/best-man-challenge/locations/us-central1/services/syncweeklychallengeactive for the function was not found. The function will not work correctly. Please redeploy."}],"environment":"GEN_2","url":"https://us-central1-best-man-challenge.cloudfunctions.net/syncWeeklyChallengeActive","satisfiesPzi":true},"stages":[{"name":"BUILD","message":"Build in progress","state":"IN_PROGRESS","resource":"projects/135750495924/locations/us-central1/builds/6f5da320-aacf-4a8d-b0ea-62dbd4c1e723","resourceUri":"https://console.cloud.google.com/cloud-build/builds;region=us-central1/6f5da320-aacf-4a8d-b0ea-62dbd4c1e723?project=135750495924"},{"name":"SERVICE","state":"NOT_STARTED"}],"operationType":"UPDATE_FUNCTION","buildName":"projects/135750495924/locations/us-central1/builds/6f5da320-aacf-4a8d-b0ea-62dbd4c1e723"},"done":false}
[debug] [2026-06-13T15:19:45.267Z] [update-default-us-central1-syncWeeklyChallengeActive] Retrying task index 0
[debug] [2026-06-13T15:19:45.267Z] Checked if tokens are valid: true, expires at: 1781365693286
[debug] [2026-06-13T15:19:45.267Z] Checked if tokens are valid: true, expires at: 1781365693286
[debug] [2026-06-13T15:19:45.267Z] >>> [apiv2][query] GET https://cloudfunctions.googleapis.com/v2/projects/best-man-challenge/locations/us-central1/operations/operation-1781363982507-654241f649e90-e67a3acb-602b58ae [none]
[debug] [2026-06-13T15:19:45.567Z] <<< [apiv2][status] GET https://cloudfunctions.googleapis.com/v2/projects/best-man-challenge/locations/us-central1/operations/operation-1781363982507-654241f649e90-e67a3acb-602b58ae 200
[debug] [2026-06-13T15:19:45.568Z] <<< [apiv2][body] GET https://cloudfunctions.googleapis.com/v2/projects/best-man-challenge/locations/us-central1/operations/operation-1781363982507-654241f649e90-e67a3acb-602b58ae {"name":"projects/best-man-challenge/locations/us-central1/operations/operation-1781363982507-654241f649e90-e67a3acb-602b58ae","metadata":{"@type":"type.googleapis.com/google.cloud.functions.v2.OperationMetadata","createTime":"2026-06-13T15:19:43.306174126Z","target":"projects/best-man-challenge/locations/us-central1/functions/syncWeeklyChallengeActive","verb":"update","cancelRequested":false,"apiVersion":"v2","requestResource":{"@type":"type.googleapis.com/google.cloud.functions.v2.Function","name":"projects/best-man-challenge/locations/us-central1/functions/syncWeeklyChallengeActive","buildConfig":{"runtime":"nodejs24","entryPoint":"syncWeeklyChallengeActive","source":{"storageSource":{"bucket":"gcf-v2-sources-135750495924-us-central1","object":"syncWeeklyChallengeActive/function-source.zip","generation":"1781363983259941"}},"environmentVariables":{"GOOGLE_NODE_RUN_SCRIPTS":""},"dockerRepository":"projects/best-man-challenge/locations/us-central1/repositories/gcf-artifacts","sourceProvenance":{"resolvedStorageSource":{"bucket":"gcf-v2-sources-135750495924-us-central1","object":"syncWeeklyChallengeActive/function-source.zip","generation":"1781362948162028"}},"dockerRegistry":"ARTIFACT_REGISTRY","serviceAccount":"projects/best-man-challenge/serviceAccounts/135750495924-compute@developer.gserviceaccount.com","automaticUpdatePolicy":{}},"serviceConfig":{"service":"projects/best-man-challenge/locations/us-central1/services/syncweeklychallengeactive","timeoutSeconds":60,"environmentVariables":{"FIREBASE_CONFIG":"{\"projectId\":\"best-man-challenge\",\"storageBucket\":\"best-man-challenge.firebasestorage.app\"}","GCLOUD_PROJECT":"best-man-challenge","EVENTARC_CLOUD_EVENT_SOURCE":"projects/best-man-challenge/locations/us-central1/services/syncWeeklyChallengeActive","FUNCTION_TARGET":"syncWeeklyChallengeActive","LOG_EXECUTION_ID":"true"},"ingressSettings":"ALLOW_ALL","serviceAccountEmail":"135750495924-compute@developer.gserviceaccount.com","availableMemory":"256Mi","maxInstanceRequestConcurrency":80,"availableCpu":"1"},"state":"UNKNOWN","labels":{"deployment-scheduled":"true","firebase-functions-hash":"d5cc90dc09e4d3632b294481a8cbc6c2ead83536"},"stateMessages":[{"severity":"ERROR","type":"CloudRunServiceNotFound","message":"Cloud Run service projects/best-man-challenge/locations/us-central1/services/syncweeklychallengeactive for the function was not found. The function will not work correctly. Please redeploy."}],"environment":"GEN_2","url":"https://us-central1-best-man-challenge.cloudfunctions.net/syncWeeklyChallengeActive","satisfiesPzi":true},"stages":[{"name":"BUILD","message":"Build in progress","state":"IN_PROGRESS","resource":"projects/135750495924/locations/us-central1/builds/6f5da320-aacf-4a8d-b0ea-62dbd4c1e723","resourceUri":"https://console.cloud.google.com/cloud-build/builds;region=us-central1/6f5da320-aacf-4a8d-b0ea-62dbd4c1e723?project=135750495924"},{"name":"SERVICE","state":"NOT_STARTED"}],"operationType":"UPDATE_FUNCTION","buildName":"projects/135750495924/locations/us-central1/builds/6f5da320-aacf-4a8d-b0ea-62dbd4c1e723"},"done":false}
[debug] [2026-06-13T15:19:47.569Z] [update-default-us-central1-syncWeeklyChallengeActive] Retrying task index 0
[debug] [2026-06-13T15:19:47.570Z] Checked if tokens are valid: true, expires at: 1781365693286
[debug] [2026-06-13T15:19:47.570Z] Checked if tokens are valid: true, expires at: 1781365693286
[debug] [2026-06-13T15:19:47.570Z] >>> [apiv2][query] GET https://cloudfunctions.googleapis.com/v2/projects/best-man-challenge/locations/us-central1/operations/operation-1781363982507-654241f649e90-e67a3acb-602b58ae [none]
[debug] [2026-06-13T15:19:47.956Z] <<< [apiv2][status] GET https://cloudfunctions.googleapis.com/v2/projects/best-man-challenge/locations/us-central1/operations/operation-1781363982507-654241f649e90-e67a3acb-602b58ae 200
[debug] [2026-06-13T15:19:47.957Z] <<< [apiv2][body] GET https://cloudfunctions.googleapis.com/v2/projects/best-man-challenge/locations/us-central1/operations/operation-1781363982507-654241f649e90-e67a3acb-602b58ae {"name":"projects/best-man-challenge/locations/us-central1/operations/operation-1781363982507-654241f649e90-e67a3acb-602b58ae","metadata":{"@type":"type.googleapis.com/google.cloud.functions.v2.OperationMetadata","createTime":"2026-06-13T15:19:43.306174126Z","target":"projects/best-man-challenge/locations/us-central1/functions/syncWeeklyChallengeActive","verb":"update","cancelRequested":false,"apiVersion":"v2","requestResource":{"@type":"type.googleapis.com/google.cloud.functions.v2.Function","name":"projects/best-man-challenge/locations/us-central1/functions/syncWeeklyChallengeActive","buildConfig":{"runtime":"nodejs24","entryPoint":"syncWeeklyChallengeActive","source":{"storageSource":{"bucket":"gcf-v2-sources-135750495924-us-central1","object":"syncWeeklyChallengeActive/function-source.zip","generation":"1781363983259941"}},"environmentVariables":{"GOOGLE_NODE_RUN_SCRIPTS":""},"dockerRepository":"projects/best-man-challenge/locations/us-central1/repositories/gcf-artifacts","sourceProvenance":{"resolvedStorageSource":{"bucket":"gcf-v2-sources-135750495924-us-central1","object":"syncWeeklyChallengeActive/function-source.zip","generation":"1781362948162028"}},"dockerRegistry":"ARTIFACT_REGISTRY","serviceAccount":"projects/best-man-challenge/serviceAccounts/135750495924-compute@developer.gserviceaccount.com","automaticUpdatePolicy":{}},"serviceConfig":{"service":"projects/best-man-challenge/locations/us-central1/services/syncweeklychallengeactive","timeoutSeconds":60,"environmentVariables":{"FIREBASE_CONFIG":"{\"projectId\":\"best-man-challenge\",\"storageBucket\":\"best-man-challenge.firebasestorage.app\"}","GCLOUD_PROJECT":"best-man-challenge","EVENTARC_CLOUD_EVENT_SOURCE":"projects/best-man-challenge/locations/us-central1/services/syncWeeklyChallengeActive","FUNCTION_TARGET":"syncWeeklyChallengeActive","LOG_EXECUTION_ID":"true"},"ingressSettings":"ALLOW_ALL","serviceAccountEmail":"135750495924-compute@developer.gserviceaccount.com","availableMemory":"256Mi","maxInstanceRequestConcurrency":80,"availableCpu":"1"},"state":"UNKNOWN","labels":{"deployment-scheduled":"true","firebase-functions-hash":"d5cc90dc09e4d3632b294481a8cbc6c2ead83536"},"stateMessages":[{"severity":"ERROR","type":"CloudRunServiceNotFound","message":"Cloud Run service projects/best-man-challenge/locations/us-central1/services/syncweeklychallengeactive for the function was not found. The function will not work correctly. Please redeploy."}],"environment":"GEN_2","url":"https://us-central1-best-man-challenge.cloudfunctions.net/syncWeeklyChallengeActive","satisfiesPzi":true},"stages":[{"name":"BUILD","message":"Build in progress","state":"IN_PROGRESS","resource":"projects/135750495924/locations/us-central1/builds/6f5da320-aacf-4a8d-b0ea-62dbd4c1e723","resourceUri":"https://console.cloud.google.com/cloud-build/builds;region=us-central1/6f5da320-aacf-4a8d-b0ea-62dbd4c1e723?project=135750495924"},{"name":"SERVICE","state":"NOT_STARTED"}],"operationType":"UPDATE_FUNCTION","buildName":"projects/135750495924/locations/us-central1/builds/6f5da320-aacf-4a8d-b0ea-62dbd4c1e723"},"done":false}
[debug] [2026-06-13T15:19:51.957Z] [update-default-us-central1-syncWeeklyChallengeActive] Retrying task index 0
[debug] [2026-06-13T15:19:51.958Z] Checked if tokens are valid: true, expires at: 1781365693286
[debug] [2026-06-13T15:19:51.958Z] Checked if tokens are valid: true, expires at: 1781365693286
[debug] [2026-06-13T15:19:51.958Z] >>> [apiv2][query] GET https://cloudfunctions.googleapis.com/v2/projects/best-man-challenge/locations/us-central1/operations/operation-1781363982507-654241f649e90-e67a3acb-602b58ae [none]
[debug] [2026-06-13T15:19:52.067Z] <<< [apiv2][status] GET https://cloudfunctions.googleapis.com/v2/projects/best-man-challenge/locations/us-central1/operations/operation-1781363982507-654241f649e90-e67a3acb-602b58ae 200
[debug] [2026-06-13T15:19:52.067Z] <<< [apiv2][body] GET https://cloudfunctions.googleapis.com/v2/projects/best-man-challenge/locations/us-central1/operations/operation-1781363982507-654241f649e90-e67a3acb-602b58ae {"name":"projects/best-man-challenge/locations/us-central1/operations/operation-1781363982507-654241f649e90-e67a3acb-602b58ae","metadata":{"@type":"type.googleapis.com/google.cloud.functions.v2.OperationMetadata","createTime":"2026-06-13T15:19:43.306174126Z","target":"projects/best-man-challenge/locations/us-central1/functions/syncWeeklyChallengeActive","verb":"update","cancelRequested":false,"apiVersion":"v2","requestResource":{"@type":"type.googleapis.com/google.cloud.functions.v2.Function","name":"projects/best-man-challenge/locations/us-central1/functions/syncWeeklyChallengeActive","buildConfig":{"runtime":"nodejs24","entryPoint":"syncWeeklyChallengeActive","source":{"storageSource":{"bucket":"gcf-v2-sources-135750495924-us-central1","object":"syncWeeklyChallengeActive/function-source.zip","generation":"1781363983259941"}},"environmentVariables":{"GOOGLE_NODE_RUN_SCRIPTS":""},"dockerRepository":"projects/best-man-challenge/locations/us-central1/repositories/gcf-artifacts","sourceProvenance":{"resolvedStorageSource":{"bucket":"gcf-v2-sources-135750495924-us-central1","object":"syncWeeklyChallengeActive/function-source.zip","generation":"1781362948162028"}},"dockerRegistry":"ARTIFACT_REGISTRY","serviceAccount":"projects/best-man-challenge/serviceAccounts/135750495924-compute@developer.gserviceaccount.com","automaticUpdatePolicy":{}},"serviceConfig":{"service":"projects/best-man-challenge/locations/us-central1/services/syncweeklychallengeactive","timeoutSeconds":60,"environmentVariables":{"FIREBASE_CONFIG":"{\"projectId\":\"best-man-challenge\",\"storageBucket\":\"best-man-challenge.firebasestorage.app\"}","GCLOUD_PROJECT":"best-man-challenge","EVENTARC_CLOUD_EVENT_SOURCE":"projects/best-man-challenge/locations/us-central1/services/syncWeeklyChallengeActive","FUNCTION_TARGET":"syncWeeklyChallengeActive","LOG_EXECUTION_ID":"true"},"ingressSettings":"ALLOW_ALL","serviceAccountEmail":"135750495924-compute@developer.gserviceaccount.com","availableMemory":"256Mi","maxInstanceRequestConcurrency":80,"availableCpu":"1"},"state":"UNKNOWN","labels":{"deployment-scheduled":"true","firebase-functions-hash":"d5cc90dc09e4d3632b294481a8cbc6c2ead83536"},"stateMessages":[{"severity":"ERROR","type":"CloudRunServiceNotFound","message":"Cloud Run service projects/best-man-challenge/locations/us-central1/services/syncweeklychallengeactive for the function was not found. The function will not work correctly. Please redeploy."}],"environment":"GEN_2","url":"https://us-central1-best-man-challenge.cloudfunctions.net/syncWeeklyChallengeActive","satisfiesPzi":true},"stages":[{"name":"BUILD","message":"Build in progress","state":"IN_PROGRESS","resource":"projects/135750495924/locations/us-central1/builds/6f5da320-aacf-4a8d-b0ea-62dbd4c1e723","resourceUri":"https://console.cloud.google.com/cloud-build/builds;region=us-central1/6f5da320-aacf-4a8d-b0ea-62dbd4c1e723?project=135750495924"},{"name":"SERVICE","state":"NOT_STARTED"}],"operationType":"UPDATE_FUNCTION","buildName":"projects/135750495924/locations/us-central1/builds/6f5da320-aacf-4a8d-b0ea-62dbd4c1e723"},"done":false}
[debug] [2026-06-13T15:20:00.068Z] [update-default-us-central1-syncWeeklyChallengeActive] Retrying task index 0
[debug] [2026-06-13T15:20:00.069Z] Checked if tokens are valid: true, expires at: 1781365693286
[debug] [2026-06-13T15:20:00.069Z] Checked if tokens are valid: true, expires at: 1781365693286
[debug] [2026-06-13T15:20:00.069Z] >>> [apiv2][query] GET https://cloudfunctions.googleapis.com/v2/projects/best-man-challenge/locations/us-central1/operations/operation-1781363982507-654241f649e90-e67a3acb-602b58ae [none]
[debug] [2026-06-13T15:20:00.454Z] <<< [apiv2][status] GET https://cloudfunctions.googleapis.com/v2/projects/best-man-challenge/locations/us-central1/operations/operation-1781363982507-654241f649e90-e67a3acb-602b58ae 200
[debug] [2026-06-13T15:20:00.454Z] <<< [apiv2][body] GET https://cloudfunctions.googleapis.com/v2/projects/best-man-challenge/locations/us-central1/operations/operation-1781363982507-654241f649e90-e67a3acb-602b58ae {"name":"projects/best-man-challenge/locations/us-central1/operations/operation-1781363982507-654241f649e90-e67a3acb-602b58ae","metadata":{"@type":"type.googleapis.com/google.cloud.functions.v2.OperationMetadata","createTime":"2026-06-13T15:19:43.306174126Z","target":"projects/best-man-challenge/locations/us-central1/functions/syncWeeklyChallengeActive","verb":"update","cancelRequested":false,"apiVersion":"v2","requestResource":{"@type":"type.googleapis.com/google.cloud.functions.v2.Function","name":"projects/best-man-challenge/locations/us-central1/functions/syncWeeklyChallengeActive","buildConfig":{"runtime":"nodejs24","entryPoint":"syncWeeklyChallengeActive","source":{"storageSource":{"bucket":"gcf-v2-sources-135750495924-us-central1","object":"syncWeeklyChallengeActive/function-source.zip","generation":"1781363983259941"}},"environmentVariables":{"GOOGLE_NODE_RUN_SCRIPTS":""},"dockerRepository":"projects/best-man-challenge/locations/us-central1/repositories/gcf-artifacts","sourceProvenance":{"resolvedStorageSource":{"bucket":"gcf-v2-sources-135750495924-us-central1","object":"syncWeeklyChallengeActive/function-source.zip","generation":"1781362948162028"}},"dockerRegistry":"ARTIFACT_REGISTRY","serviceAccount":"projects/best-man-challenge/serviceAccounts/135750495924-compute@developer.gserviceaccount.com","automaticUpdatePolicy":{}},"serviceConfig":{"service":"projects/best-man-challenge/locations/us-central1/services/syncweeklychallengeactive","timeoutSeconds":60,"environmentVariables":{"FIREBASE_CONFIG":"{\"projectId\":\"best-man-challenge\",\"storageBucket\":\"best-man-challenge.firebasestorage.app\"}","GCLOUD_PROJECT":"best-man-challenge","EVENTARC_CLOUD_EVENT_SOURCE":"projects/best-man-challenge/locations/us-central1/services/syncWeeklyChallengeActive","FUNCTION_TARGET":"syncWeeklyChallengeActive","LOG_EXECUTION_ID":"true"},"ingressSettings":"ALLOW_ALL","serviceAccountEmail":"135750495924-compute@developer.gserviceaccount.com","availableMemory":"256Mi","maxInstanceRequestConcurrency":80,"availableCpu":"1"},"state":"UNKNOWN","labels":{"deployment-scheduled":"true","firebase-functions-hash":"d5cc90dc09e4d3632b294481a8cbc6c2ead83536"},"stateMessages":[{"severity":"ERROR","type":"CloudRunServiceNotFound","message":"Cloud Run service projects/best-man-challenge/locations/us-central1/services/syncweeklychallengeactive for the function was not found. The function will not work correctly. Please redeploy."}],"environment":"GEN_2","url":"https://us-central1-best-man-challenge.cloudfunctions.net/syncWeeklyChallengeActive","satisfiesPzi":true},"stages":[{"name":"BUILD","message":"Build in progress","state":"IN_PROGRESS","resource":"projects/135750495924/locations/us-central1/builds/6f5da320-aacf-4a8d-b0ea-62dbd4c1e723","resourceUri":"https://console.cloud.google.com/cloud-build/builds;region=us-central1/6f5da320-aacf-4a8d-b0ea-62dbd4c1e723?project=135750495924"},{"name":"SERVICE","state":"NOT_STARTED"}],"operationType":"UPDATE_FUNCTION","buildName":"projects/135750495924/locations/us-central1/builds/6f5da320-aacf-4a8d-b0ea-62dbd4c1e723"},"done":false}
[debug] [2026-06-13T15:20:10.456Z] [update-default-us-central1-syncWeeklyChallengeActive] Retrying task index 0
[debug] [2026-06-13T15:20:10.456Z] Checked if tokens are valid: true, expires at: 1781365693286
[debug] [2026-06-13T15:20:10.457Z] Checked if tokens are valid: true, expires at: 1781365693286
[debug] [2026-06-13T15:20:10.457Z] >>> [apiv2][query] GET https://cloudfunctions.googleapis.com/v2/projects/best-man-challenge/locations/us-central1/operations/operation-1781363982507-654241f649e90-e67a3acb-602b58ae [none]
[debug] [2026-06-13T15:20:10.622Z] <<< [apiv2][status] GET https://cloudfunctions.googleapis.com/v2/projects/best-man-challenge/locations/us-central1/operations/operation-1781363982507-654241f649e90-e67a3acb-602b58ae 200
[debug] [2026-06-13T15:20:10.622Z] <<< [apiv2][body] GET https://cloudfunctions.googleapis.com/v2/projects/best-man-challenge/locations/us-central1/operations/operation-1781363982507-654241f649e90-e67a3acb-602b58ae {"name":"projects/best-man-challenge/locations/us-central1/operations/operation-1781363982507-654241f649e90-e67a3acb-602b58ae","metadata":{"@type":"type.googleapis.com/google.cloud.functions.v2.OperationMetadata","createTime":"2026-06-13T15:19:43.306174126Z","target":"projects/best-man-challenge/locations/us-central1/functions/syncWeeklyChallengeActive","verb":"update","cancelRequested":false,"apiVersion":"v2","requestResource":{"@type":"type.googleapis.com/google.cloud.functions.v2.Function","name":"projects/best-man-challenge/locations/us-central1/functions/syncWeeklyChallengeActive","buildConfig":{"runtime":"nodejs24","entryPoint":"syncWeeklyChallengeActive","source":{"storageSource":{"bucket":"gcf-v2-sources-135750495924-us-central1","object":"syncWeeklyChallengeActive/function-source.zip","generation":"1781363983259941"}},"environmentVariables":{"GOOGLE_NODE_RUN_SCRIPTS":""},"dockerRepository":"projects/best-man-challenge/locations/us-central1/repositories/gcf-artifacts","sourceProvenance":{"resolvedStorageSource":{"bucket":"gcf-v2-sources-135750495924-us-central1","object":"syncWeeklyChallengeActive/function-source.zip","generation":"1781362948162028"}},"dockerRegistry":"ARTIFACT_REGISTRY","serviceAccount":"projects/best-man-challenge/serviceAccounts/135750495924-compute@developer.gserviceaccount.com","automaticUpdatePolicy":{}},"serviceConfig":{"service":"projects/best-man-challenge/locations/us-central1/services/syncweeklychallengeactive","timeoutSeconds":60,"environmentVariables":{"FIREBASE_CONFIG":"{\"projectId\":\"best-man-challenge\",\"storageBucket\":\"best-man-challenge.firebasestorage.app\"}","GCLOUD_PROJECT":"best-man-challenge","EVENTARC_CLOUD_EVENT_SOURCE":"projects/best-man-challenge/locations/us-central1/services/syncWeeklyChallengeActive","FUNCTION_TARGET":"syncWeeklyChallengeActive","LOG_EXECUTION_ID":"true"},"ingressSettings":"ALLOW_ALL","serviceAccountEmail":"135750495924-compute@developer.gserviceaccount.com","availableMemory":"256Mi","maxInstanceRequestConcurrency":80,"availableCpu":"1"},"state":"UNKNOWN","labels":{"deployment-scheduled":"true","firebase-functions-hash":"d5cc90dc09e4d3632b294481a8cbc6c2ead83536"},"stateMessages":[{"severity":"ERROR","type":"CloudRunServiceNotFound","message":"Cloud Run service projects/best-man-challenge/locations/us-central1/services/syncweeklychallengeactive for the function was not found. The function will not work correctly. Please redeploy."}],"environment":"GEN_2","url":"https://us-central1-best-man-challenge.cloudfunctions.net/syncWeeklyChallengeActive","satisfiesPzi":true},"stages":[{"name":"BUILD","message":"Build in progress","state":"IN_PROGRESS","resource":"projects/135750495924/locations/us-central1/builds/6f5da320-aacf-4a8d-b0ea-62dbd4c1e723","resourceUri":"https://console.cloud.google.com/cloud-build/builds;region=us-central1/6f5da320-aacf-4a8d-b0ea-62dbd4c1e723?project=135750495924"},{"name":"SERVICE","state":"NOT_STARTED"}],"operationType":"UPDATE_FUNCTION","buildName":"projects/135750495924/locations/us-central1/builds/6f5da320-aacf-4a8d-b0ea-62dbd4c1e723"},"done":false}
[debug] [2026-06-13T15:20:20.623Z] [update-default-us-central1-syncWeeklyChallengeActive] Retrying task index 0
[debug] [2026-06-13T15:20:20.624Z] Checked if tokens are valid: true, expires at: 1781365693286
[debug] [2026-06-13T15:20:20.624Z] Checked if tokens are valid: true, expires at: 1781365693286
[debug] [2026-06-13T15:20:20.624Z] >>> [apiv2][query] GET https://cloudfunctions.googleapis.com/v2/projects/best-man-challenge/locations/us-central1/operations/operation-1781363982507-654241f649e90-e67a3acb-602b58ae [none]
[debug] [2026-06-13T15:20:20.798Z] <<< [apiv2][status] GET https://cloudfunctions.googleapis.com/v2/projects/best-man-challenge/locations/us-central1/operations/operation-1781363982507-654241f649e90-e67a3acb-602b58ae 200
[debug] [2026-06-13T15:20:20.798Z] <<< [apiv2][body] GET https://cloudfunctions.googleapis.com/v2/projects/best-man-challenge/locations/us-central1/operations/operation-1781363982507-654241f649e90-e67a3acb-602b58ae {"name":"projects/best-man-challenge/locations/us-central1/operations/operation-1781363982507-654241f649e90-e67a3acb-602b58ae","metadata":{"@type":"type.googleapis.com/google.cloud.functions.v2.OperationMetadata","createTime":"2026-06-13T15:19:43.306174126Z","target":"projects/best-man-challenge/locations/us-central1/functions/syncWeeklyChallengeActive","verb":"update","cancelRequested":false,"apiVersion":"v2","requestResource":{"@type":"type.googleapis.com/google.cloud.functions.v2.Function","name":"projects/best-man-challenge/locations/us-central1/functions/syncWeeklyChallengeActive","buildConfig":{"runtime":"nodejs24","entryPoint":"syncWeeklyChallengeActive","source":{"storageSource":{"bucket":"gcf-v2-sources-135750495924-us-central1","object":"syncWeeklyChallengeActive/function-source.zip","generation":"1781363983259941"}},"environmentVariables":{"GOOGLE_NODE_RUN_SCRIPTS":""},"dockerRepository":"projects/best-man-challenge/locations/us-central1/repositories/gcf-artifacts","sourceProvenance":{"resolvedStorageSource":{"bucket":"gcf-v2-sources-135750495924-us-central1","object":"syncWeeklyChallengeActive/function-source.zip","generation":"1781362948162028"}},"dockerRegistry":"ARTIFACT_REGISTRY","serviceAccount":"projects/best-man-challenge/serviceAccounts/135750495924-compute@developer.gserviceaccount.com","automaticUpdatePolicy":{}},"serviceConfig":{"service":"projects/best-man-challenge/locations/us-central1/services/syncweeklychallengeactive","timeoutSeconds":60,"environmentVariables":{"FIREBASE_CONFIG":"{\"projectId\":\"best-man-challenge\",\"storageBucket\":\"best-man-challenge.firebasestorage.app\"}","GCLOUD_PROJECT":"best-man-challenge","EVENTARC_CLOUD_EVENT_SOURCE":"projects/best-man-challenge/locations/us-central1/services/syncWeeklyChallengeActive","FUNCTION_TARGET":"syncWeeklyChallengeActive","LOG_EXECUTION_ID":"true"},"ingressSettings":"ALLOW_ALL","serviceAccountEmail":"135750495924-compute@developer.gserviceaccount.com","availableMemory":"256Mi","maxInstanceRequestConcurrency":80,"availableCpu":"1"},"state":"UNKNOWN","labels":{"deployment-scheduled":"true","firebase-functions-hash":"d5cc90dc09e4d3632b294481a8cbc6c2ead83536"},"stateMessages":[{"severity":"ERROR","type":"CloudRunServiceNotFound","message":"Cloud Run service projects/best-man-challenge/locations/us-central1/services/syncweeklychallengeactive for the function was not found. The function will not work correctly. Please redeploy."}],"environment":"GEN_2","url":"https://us-central1-best-man-challenge.cloudfunctions.net/syncWeeklyChallengeActive","satisfiesPzi":true},"stages":[{"name":"BUILD","message":"Build in progress","state":"IN_PROGRESS","resource":"projects/135750495924/locations/us-central1/builds/6f5da320-aacf-4a8d-b0ea-62dbd4c1e723","resourceUri":"https://console.cloud.google.com/cloud-build/builds;region=us-central1/6f5da320-aacf-4a8d-b0ea-62dbd4c1e723?project=135750495924"},{"name":"SERVICE","state":"NOT_STARTED"}],"operationType":"UPDATE_FUNCTION","buildName":"projects/135750495924/locations/us-central1/builds/6f5da320-aacf-4a8d-b0ea-62dbd4c1e723"},"done":false}
[debug] [2026-06-13T15:20:30.800Z] [update-default-us-central1-syncWeeklyChallengeActive] Retrying task index 0
[debug] [2026-06-13T15:20:30.800Z] Checked if tokens are valid: true, expires at: 1781365693286
[debug] [2026-06-13T15:20:30.800Z] Checked if tokens are valid: true, expires at: 1781365693286
[debug] [2026-06-13T15:20:30.801Z] >>> [apiv2][query] GET https://cloudfunctions.googleapis.com/v2/projects/best-man-challenge/locations/us-central1/operations/operation-1781363982507-654241f649e90-e67a3acb-602b58ae [none]
[debug] [2026-06-13T15:20:30.948Z] <<< [apiv2][status] GET https://cloudfunctions.googleapis.com/v2/projects/best-man-challenge/locations/us-central1/operations/operation-1781363982507-654241f649e90-e67a3acb-602b58ae 200
[debug] [2026-06-13T15:20:30.948Z] <<< [apiv2][body] GET https://cloudfunctions.googleapis.com/v2/projects/best-man-challenge/locations/us-central1/operations/operation-1781363982507-654241f649e90-e67a3acb-602b58ae {"name":"projects/best-man-challenge/locations/us-central1/operations/operation-1781363982507-654241f649e90-e67a3acb-602b58ae","metadata":{"@type":"type.googleapis.com/google.cloud.functions.v2.OperationMetadata","createTime":"2026-06-13T15:19:43.306174126Z","endTime":"2026-06-13T15:20:24.578698371Z","target":"projects/best-man-challenge/locations/us-central1/functions/syncWeeklyChallengeActive","verb":"update","cancelRequested":false,"apiVersion":"v2","requestResource":{"@type":"type.googleapis.com/google.cloud.functions.v2.Function","name":"projects/best-man-challenge/locations/us-central1/functions/syncWeeklyChallengeActive","buildConfig":{"runtime":"nodejs24","entryPoint":"syncWeeklyChallengeActive","source":{"storageSource":{"bucket":"gcf-v2-sources-135750495924-us-central1","object":"syncWeeklyChallengeActive/function-source.zip","generation":"1781363983259941"}},"environmentVariables":{"GOOGLE_NODE_RUN_SCRIPTS":""},"dockerRepository":"projects/best-man-challenge/locations/us-central1/repositories/gcf-artifacts","sourceProvenance":{"resolvedStorageSource":{"bucket":"gcf-v2-sources-135750495924-us-central1","object":"syncWeeklyChallengeActive/function-source.zip","generation":"1781362948162028"}},"dockerRegistry":"ARTIFACT_REGISTRY","serviceAccount":"projects/best-man-challenge/serviceAccounts/135750495924-compute@developer.gserviceaccount.com","automaticUpdatePolicy":{}},"serviceConfig":{"service":"projects/best-man-challenge/locations/us-central1/services/syncweeklychallengeactive","timeoutSeconds":60,"environmentVariables":{"FIREBASE_CONFIG":"{\"projectId\":\"best-man-challenge\",\"storageBucket\":\"best-man-challenge.firebasestorage.app\"}","GCLOUD_PROJECT":"best-man-challenge","EVENTARC_CLOUD_EVENT_SOURCE":"projects/best-man-challenge/locations/us-central1/services/syncWeeklyChallengeActive","FUNCTION_TARGET":"syncWeeklyChallengeActive","LOG_EXECUTION_ID":"true"},"ingressSettings":"ALLOW_ALL","serviceAccountEmail":"135750495924-compute@developer.gserviceaccount.com","availableMemory":"256Mi","maxInstanceRequestConcurrency":80,"availableCpu":"1"},"state":"UNKNOWN","labels":{"deployment-scheduled":"true","firebase-functions-hash":"d5cc90dc09e4d3632b294481a8cbc6c2ead83536"},"stateMessages":[{"severity":"ERROR","type":"CloudRunServiceNotFound","message":"Cloud Run service projects/best-man-challenge/locations/us-central1/services/syncweeklychallengeactive for the function was not found. The function will not work correctly. Please redeploy."}],"environment":"GEN_2","url":"https://us-central1-best-man-challenge.cloudfunctions.net/syncWeeklyChallengeActive","satisfiesPzi":true},"stages":[{"name":"SERVICE","state":"NOT_STARTED"}],"operationType":"UPDATE_FUNCTION"},"done":true,"error":{"code":3,"message":"Build failed with status: FAILURE and message: npm error code EUSAGE\nnpm error\nnpm error `npm ci` can only install packages when your package.json and package-lock.json or npm-shrinkwrap.json are in sync. Please update your lock file with `npm install` before continuing.\nnpm error\nnpm error Missing: @emnapi/core@1.11.1 from lock file\nnpm error Missing: @emnapi/runtime@1.11.1 from lock file\nnpm error Invalid: lock file's @emnapi/wasi-threads@1.2.1 does not satisfy @emnapi/wasi-threads@1.2.2\nnpm error Missing: @emnapi/core@1.10.0 from lock file\nnpm error Missing: @emnapi/runtime@1.10.0 from lock file\nnpm error Missing: @emnapi/wasi-threads@1.2.1 from lock file\nnpm error\nnpm error Clean install a project\nnpm error\nnpm error Usage:\nnpm error npm ci\nnpm error\nnpm error Options:\nnpm error [--install-strategy <hoisted|nested|shallow|linked>] [--legacy-bundling]\nnpm error [--global-style] [--omit <dev|optional|peer> [--omit <dev|optional|peer> ...]]\nnpm error [--include <prod|dev|optional|peer> [--include <prod|dev|optional|peer> ...]]\nnpm error [--strict-peer-deps] [--foreground-scripts] [--ignore-scripts]\nnpm error [--allow-git <all|none|root>] [--no-audit] [--no-bin-links] [--no-fund]\nnpm error [--dry-run]\nnpm error [-w|--workspace <workspace-name> [-w|--workspace <workspace-name> ...]]\nnpm error [--workspaces] [--include-workspace-root] [--install-links]\nnpm error\nnpm error   --install-strategy\nnpm error     Sets the strategy for installing packages in node_modules.\nnpm error\nnpm error   --legacy-bundling\nnpm error     Instead of hoisting package installs in `node_modules`, install packages\nnpm error\nnpm error   --global-style\nnpm error     Only install direct dependencies in the top level `node_modules`,\nnpm error\nnpm error   --omit\nnpm error     Dependency types to omit from the installation tree on disk.\nnpm error\nnpm error   --include\nnpm error     Option that allows for defining which types of dependencies to install.\nnpm error\nnpm error   --strict-peer-deps\nnpm error     If set to `true`, and `--legacy-peer-deps` is not set, then _any_\nnpm error\nnpm error   --foreground-scripts\nnpm error     Run all build scripts (ie, `preinstall`, `install`, and\nnpm error\nnpm error   --ignore-scripts\nnpm error     If true, npm does not run scripts specified in package.json files.\nnpm error\nnpm error   --allow-git\nnpm error     Limits the ability for npm to fetch dependencies from git references.\nnpm error\nnpm error   --audit\nnpm error     When \"true\" submit audit reports alongside the current npm command to the\nnpm error\nnpm error   --bin-links\nnpm error     Tells npm to create symlinks (or `.cmd` shims on Windows) for package\nnpm error\nnpm error   --fund\nnpm error     When \"true\" displays the message at the end of each `npm install`\nnpm error\nnpm error   --dry-run\nnpm error     Indicates that you don't want npm to make any changes and that it should\nnpm error\nnpm error   -w|--workspace\nnpm error     Enable running a command in the context of the configured workspaces of the\nnpm error\nnpm error   --workspaces\nnpm error     Set to true to run the command in the context of **all** configured\nnpm error\nnpm error   --include-workspace-root\nnpm error     Include the workspace root when workspaces are enabled for a command.\nnpm error\nnpm error   --install-links\nnpm error     When set file: protocol dependencies will be packed and installed as\nnpm error\nnpm error\nnpm error aliases: clean-install, ic, install-clean, isntall-clean\nnpm error\nnpm error Run \"npm help ci\" for more info\nnpm error A complete log of this run can be found in: /www-data-home/.npm/_logs/2026-06-13T15_20_01_016Z-debug-0.log. For more details see the logs at https://console.cloud.google.com/cloud-build/builds;region=us-central1/6f5da320-aacf-4a8d-b0ea-62dbd4c1e723?project=135750495924."}}
[debug] [2026-06-13T15:20:30.948Z] Got source token undefined for region us-central1
[error] Build failed with status: FAILURE and message: npm error code EUSAGE
npm error
npm error `npm ci` can only install packages when your package.json and package-lock.json or npm-shrinkwrap.json are in sync. Please update your lock file with `npm install` before continuing.
npm error
npm error Missing: @emnapi/core@1.11.1 from lock file
npm error Missing: @emnapi/runtime@1.11.1 from lock file
npm error Invalid: lock file's @emnapi/wasi-threads@1.2.1 does not satisfy @emnapi/wasi-threads@1.2.2
npm error Missing: @emnapi/core@1.10.0 from lock file
npm error Missing: @emnapi/runtime@1.10.0 from lock file
npm error Missing: @emnapi/wasi-threads@1.2.1 from lock file
npm error
npm error Clean install a project
npm error
npm error Usage:
npm error npm ci
npm error
npm error Options:
npm error [--install-strategy <hoisted|nested|shallow|linked>] [--legacy-bundling]
npm error [--global-style] [--omit <dev|optional|peer> [--omit <dev|optional|peer> ...]]
npm error [--include <prod|dev|optional|peer> [--include <prod|dev|optional|peer> ...]]
npm error [--strict-peer-deps] [--foreground-scripts] [--ignore-scripts]
npm error [--allow-git <all|none|root>] [--no-audit] [--no-bin-links] [--no-fund]
npm error [--dry-run]
npm error [-w|--workspace <workspace-name> [-w|--workspace <workspace-name> ...]]
npm error [--workspaces] [--include-workspace-root] [--install-links]
npm error
npm error   --install-strategy
npm error     Sets the strategy for installing packages in node_modules.
npm error
npm error   --legacy-bundling
npm error     Instead of hoisting package installs in `node_modules`, install packages
npm error
npm error   --global-style
npm error     Only install direct dependencies in the top level `node_modules`,
npm error
npm error   --omit
npm error     Dependency types to omit from the installation tree on disk.
npm error
npm error   --include
npm error     Option that allows for defining which types of dependencies to install.
npm error
npm error   --strict-peer-deps
npm error     If set to `true`, and `--legacy-peer-deps` is not set, then _any_
npm error
npm error   --foreground-scripts
npm error     Run all build scripts (ie, `preinstall`, `install`, and
npm error
npm error   --ignore-scripts
npm error     If true, npm does not run scripts specified in package.json files.
npm error
npm error   --allow-git
npm error     Limits the ability for npm to fetch dependencies from git references.
npm error
npm error   --audit
npm error     When "true" submit audit reports alongside the current npm command to the
npm error
npm error   --bin-links
npm error     Tells npm to create symlinks (or `.cmd` shims on Windows) for package
npm error
npm error   --fund
npm error     When "true" displays the message at the end of each `npm install`
npm error
npm error   --dry-run
npm error     Indicates that you don't want npm to make any changes and that it should
npm error
npm error   -w|--workspace
npm error     Enable running a command in the context of the configured workspaces of the
npm error
npm error   --workspaces
npm error     Set to true to run the command in the context of **all** configured
npm error
npm error   --include-workspace-root
npm error     Include the workspace root when workspaces are enabled for a command.
npm error
npm error   --install-links
npm error     When set file: protocol dependencies will be packed and installed as
npm error
npm error
npm error aliases: clean-install, ic, install-clean, isntall-clean
npm error
npm error Run "npm help ci" for more info
npm error A complete log of this run can be found in: /www-data-home/.npm/_logs/2026-06-13T15_20_01_016Z-debug-0.log. For more details see the logs at https://console.cloud.google.com/cloud-build/builds;region=us-central1/6f5da320-aacf-4a8d-b0ea-62dbd4c1e723?project=135750495924.
[debug] [2026-06-13T15:20:30.954Z] Total Function Deployment time: 48544
[debug] [2026-06-13T15:20:30.954Z] 1 Functions Deployed
[debug] [2026-06-13T15:20:30.954Z] 1 Functions Errored
[debug] [2026-06-13T15:20:30.954Z] 0 Function Deployments Aborted
[debug] [2026-06-13T15:20:30.954Z] Average Function Deployment time: 48543
[info] 
[info] Functions deploy had errors with the following functions:
	syncWeeklyChallengeActive(us-central1)
[debug] [2026-06-13T15:20:31.045Z] Checked if tokens are valid: true, expires at: 1781365693286
[debug] [2026-06-13T15:20:31.045Z] Checked if tokens are valid: true, expires at: 1781365693286
[debug] [2026-06-13T15:20:31.045Z] >>> [apiv2][query] GET https://artifactregistry.googleapis.com/v1/projects/best-man-challenge/locations/us-central1/repositories/gcf-artifacts [none]
[debug] [2026-06-13T15:20:31.582Z] <<< [apiv2][status] GET https://artifactregistry.googleapis.com/v1/projects/best-man-challenge/locations/us-central1/repositories/gcf-artifacts 200
[debug] [2026-06-13T15:20:31.582Z] <<< [apiv2][body] GET https://artifactregistry.googleapis.com/v1/projects/best-man-challenge/locations/us-central1/repositories/gcf-artifacts {"name":"projects/best-man-challenge/locations/us-central1/repositories/gcf-artifacts","format":"DOCKER","description":"This repository is created and used by Cloud Functions for storing function docker images.","labels":{"goog-managed-by":"cloudfunctions"},"createTime":"2026-06-13T15:02:43.175735Z","updateTime":"2026-06-13T15:08:18.040746Z","mode":"STANDARD_REPOSITORY","cleanupPolicies":{"firebase-functions-cleanup":{"id":"firebase-functions-cleanup","action":"DELETE","condition":{"tagState":"ANY","olderThan":"86400s"}}},"vulnerabilityScanningConfig":{"lastEnableTime":"2026-06-13T15:02:28.785629891Z","enablementState":"SCANNING_DISABLED","enablementStateReason":"API containerscanning.googleapis.com is not enabled."},"satisfiesPzi":true,"registryUri":"us-central1-docker.pkg.dev/best-man-challenge/gcf-artifacts"}
[debug] [2026-06-13T15:20:31.583Z] Functions deploy failed.
[debug] [2026-06-13T15:20:31.583Z] {
  "endpoint": {
    "id": "syncWeeklyChallengeActive",
    "project": "best-man-challenge",
    "region": "us-central1",
    "entryPoint": "syncWeeklyChallengeActive",
    "platform": "gcfv2",
    "runtime": "nodejs24",
    "scheduleTrigger": {
      "schedule": "every 1 hours",
      "timeZone": "America/Chicago",
      "retryConfig": {}
    },
    "labels": {
      "deployment-tool": "cli-firebase"
    },
    "serviceAccount": null,
    "ingressSettings": null,
    "availableMemoryMb": null,
    "timeoutSeconds": null,
    "maxInstances": null,
    "minInstances": null,
    "concurrency": 80,
    "vpc": null,
    "environmentVariables": {
      "FIREBASE_CONFIG": "{\"projectId\":\"best-man-challenge\",\"storageBucket\":\"best-man-challenge.firebasestorage.app\"}",
      "GCLOUD_PROJECT": "best-man-challenge",
      "EVENTARC_CLOUD_EVENT_SOURCE": "projects/best-man-challenge/locations/us-central1/services/syncWeeklyChallengeActive"
    },
    "codebase": "default",
    "securityLevel": "SECURE_ALWAYS",
    "cpu": 1,
    "targetedByOnly": false,
    "hash": "d5cc90dc09e4d3632b294481a8cbc6c2ead83536"
  },
  "op": "update",
  "original": {
    "name": "FirebaseError",
    "children": [],
    "exit": 1,
    "message": "Build failed with status: FAILURE and message: npm error code EUSAGE\nnpm error\nnpm error `npm ci` can only install packages when your package.json and package-lock.json or npm-shrinkwrap.json are in sync. Please update your lock file with `npm install` before continuing.\nnpm error\nnpm error Missing: @emnapi/core@1.11.1 from lock file\nnpm error Missing: @emnapi/runtime@1.11.1 from lock file\nnpm error Invalid: lock file's @emnapi/wasi-threads@1.2.1 does not satisfy @emnapi/wasi-threads@1.2.2\nnpm error Missing: @emnapi/core@1.10.0 from lock file\nnpm error Missing: @emnapi/runtime@1.10.0 from lock file\nnpm error Missing: @emnapi/wasi-threads@1.2.1 from lock file\nnpm error\nnpm error Clean install a project\nnpm error\nnpm error Usage:\nnpm error npm ci\nnpm error\nnpm error Options:\nnpm error [--install-strategy <hoisted|nested|shallow|linked>] [--legacy-bundling]\nnpm error [--global-style] [--omit <dev|optional|peer> [--omit <dev|optional|peer> ...]]\nnpm error [--include <prod|dev|optional|peer> [--include <prod|dev|optional|peer> ...]]\nnpm error [--strict-peer-deps] [--foreground-scripts] [--ignore-scripts]\nnpm error [--allow-git <all|none|root>] [--no-audit] [--no-bin-links] [--no-fund]\nnpm error [--dry-run]\nnpm error [-w|--workspace <workspace-name> [-w|--workspace <workspace-name> ...]]\nnpm error [--workspaces] [--include-workspace-root] [--install-links]\nnpm error\nnpm error   --install-strategy\nnpm error     Sets the strategy for installing packages in node_modules.\nnpm error\nnpm error   --legacy-bundling\nnpm error     Instead of hoisting package installs in `node_modules`, install packages\nnpm error\nnpm error   --global-style\nnpm error     Only install direct dependencies in the top level `node_modules`,\nnpm error\nnpm error   --omit\nnpm error     Dependency types to omit from the installation tree on disk.\nnpm error\nnpm error   --include\nnpm error     Option that allows for defining which types of dependencies to install.\nnpm error\nnpm error   --strict-peer-deps\nnpm error     If set to `true`, and `--legacy-peer-deps` is not set, then _any_\nnpm error\nnpm error   --foreground-scripts\nnpm error     Run all build scripts (ie, `preinstall`, `install`, and\nnpm error\nnpm error   --ignore-scripts\nnpm error     If true, npm does not run scripts specified in package.json files.\nnpm error\nnpm error   --allow-git\nnpm error     Limits the ability for npm to fetch dependencies from git references.\nnpm error\nnpm error   --audit\nnpm error     When \"true\" submit audit reports alongside the current npm command to the\nnpm error\nnpm error   --bin-links\nnpm error     Tells npm to create symlinks (or `.cmd` shims on Windows) for package\nnpm error\nnpm error   --fund\nnpm error     When \"true\" displays the message at the end of each `npm install`\nnpm error\nnpm error   --dry-run\nnpm error     Indicates that you don't want npm to make any changes and that it should\nnpm error\nnpm error   -w|--workspace\nnpm error     Enable running a command in the context of the configured workspaces of the\nnpm error\nnpm error   --workspaces\nnpm error     Set to true to run the command in the context of **all** configured\nnpm error\nnpm error   --include-workspace-root\nnpm error     Include the workspace root when workspaces are enabled for a command.\nnpm error\nnpm error   --install-links\nnpm error     When set file: protocol dependencies will be packed and installed as\nnpm error\nnpm error\nnpm error aliases: clean-install, ic, install-clean, isntall-clean\nnpm error\nnpm error Run \"npm help ci\" for more info\nnpm error A complete log of this run can be found in: /www-data-home/.npm/_logs/2026-06-13T15_20_01_016Z-debug-0.log. For more details see the logs at https://console.cloud.google.com/cloud-build/builds;region=us-central1/6f5da320-aacf-4a8d-b0ea-62dbd4c1e723?project=135750495924.",
    "original": {
      "code": 3,
      "message": "Build failed with status: FAILURE and message: npm error code EUSAGE\nnpm error\nnpm error `npm ci` can only install packages when your package.json and package-lock.json or npm-shrinkwrap.json are in sync. Please update your lock file with `npm install` before continuing.\nnpm error\nnpm error Missing: @emnapi/core@1.11.1 from lock file\nnpm error Missing: @emnapi/runtime@1.11.1 from lock file\nnpm error Invalid: lock file's @emnapi/wasi-threads@1.2.1 does not satisfy @emnapi/wasi-threads@1.2.2\nnpm error Missing: @emnapi/core@1.10.0 from lock file\nnpm error Missing: @emnapi/runtime@1.10.0 from lock file\nnpm error Missing: @emnapi/wasi-threads@1.2.1 from lock file\nnpm error\nnpm error Clean install a project\nnpm error\nnpm error Usage:\nnpm error npm ci\nnpm error\nnpm error Options:\nnpm error [--install-strategy <hoisted|nested|shallow|linked>] [--legacy-bundling]\nnpm error [--global-style] [--omit <dev|optional|peer> [--omit <dev|optional|peer> ...]]\nnpm error [--include <prod|dev|optional|peer> [--include <prod|dev|optional|peer> ...]]\nnpm error [--strict-peer-deps] [--foreground-scripts] [--ignore-scripts]\nnpm error [--allow-git <all|none|root>] [--no-audit] [--no-bin-links] [--no-fund]\nnpm error [--dry-run]\nnpm error [-w|--workspace <workspace-name> [-w|--workspace <workspace-name> ...]]\nnpm error [--workspaces] [--include-workspace-root] [--install-links]\nnpm error\nnpm error   --install-strategy\nnpm error     Sets the strategy for installing packages in node_modules.\nnpm error\nnpm error   --legacy-bundling\nnpm error     Instead of hoisting package installs in `node_modules`, install packages\nnpm error\nnpm error   --global-style\nnpm error     Only install direct dependencies in the top level `node_modules`,\nnpm error\nnpm error   --omit\nnpm error     Dependency types to omit from the installation tree on disk.\nnpm error\nnpm error   --include\nnpm error     Option that allows for defining which types of dependencies to install.\nnpm error\nnpm error   --strict-peer-deps\nnpm error     If set to `true`, and `--legacy-peer-deps` is not set, then _any_\nnpm error\nnpm error   --foreground-scripts\nnpm error     Run all build scripts (ie, `preinstall`, `install`, and\nnpm error\nnpm error   --ignore-scripts\nnpm error     If true, npm does not run scripts specified in package.json files.\nnpm error\nnpm error   --allow-git\nnpm error     Limits the ability for npm to fetch dependencies from git references.\nnpm error\nnpm error   --audit\nnpm error     When \"true\" submit audit reports alongside the current npm command to the\nnpm error\nnpm error   --bin-links\nnpm error     Tells npm to create symlinks (or `.cmd` shims on Windows) for package\nnpm error\nnpm error   --fund\nnpm error     When \"true\" displays the message at the end of each `npm install`\nnpm error\nnpm error   --dry-run\nnpm error     Indicates that you don't want npm to make any changes and that it should\nnpm error\nnpm error   -w|--workspace\nnpm error     Enable running a command in the context of the configured workspaces of the\nnpm error\nnpm error   --workspaces\nnpm error     Set to true to run the command in the context of **all** configured\nnpm error\nnpm error   --include-workspace-root\nnpm error     Include the workspace root when workspaces are enabled for a command.\nnpm error\nnpm error   --install-links\nnpm error     When set file: protocol dependencies will be packed and installed as\nnpm error\nnpm error\nnpm error aliases: clean-install, ic, install-clean, isntall-clean\nnpm error\nnpm error Run \"npm help ci\" for more info\nnpm error A complete log of this run can be found in: /www-data-home/.npm/_logs/2026-06-13T15_20_01_016Z-debug-0.log. For more details see the logs at https://console.cloud.google.com/cloud-build/builds;region=us-central1/6f5da320-aacf-4a8d-b0ea-62dbd4c1e723?project=135750495924."
    },
    "status": 3,
    "code": 3
  }
}
[debug] [2026-06-13T15:20:31.685Z] Error: Failed to update function syncWeeklyChallengeActive in region us-central1
    at /opt/homebrew/lib/node_modules/firebase-tools/lib/deploy/functions/release/fabricator.js:441:19
    at process.processTicksAndRejections (node:internal/process/task_queues:103:5)
    at async Fabricator.updateV2Function (/opt/homebrew/lib/node_modules/firebase-tools/lib/deploy/functions/release/fabricator.js:425:32)
    at async Fabricator.updateEndpoint (/opt/homebrew/lib/node_modules/firebase-tools/lib/deploy/functions/release/fabricator.js:161:13)
    at async handle (/opt/homebrew/lib/node_modules/firebase-tools/lib/deploy/functions/release/fabricator.js:90:17)
[error] 
[error] Error: There was an error deploying functions
